  --non-interactive is not supported, use $CI=1 instead
env: load .env
env: export EXPO_PUBLIC_SPOTIFY_CLIENT_ID EXPO_PUBLIC_LASTFM_API_KEY EXPO_PUBLIC_BYPASS_AUTH EXPO_PUBLIC_LOCAL_IP EXPO_PUBLIC_API_PORT EXPO_PUBLIC_TIDAL_CLIENT_ID EXPO_PUBLIC_SOUNDCLOUD_CLIENT_ID
Starting project at C:\Users\Owner\Cowork_Staging\MusicApp\Frequen-C-Mobile
Starting Metro Bundler
warning: Bundler cache is empty, rebuilding (this may take a minute)
Waiting on http://localhost:8081
Logs for your project will appear below.
Android Frequen-C-Mobile\index.ts ΓûæΓûæΓûæΓûæΓûæΓûæΓûæΓûæΓûæΓûæΓûæΓûæΓûæΓûæΓûæΓûæ  0.0% (0/1)
Android Frequen-C-Mobile\index.ts ΓûôΓûôΓûôΓûôΓûôΓûôΓûôΓûôΓûæΓûæΓûæΓûæΓûæΓûæΓûæΓûæ 55.9% (629/853)
Android Frequen-C-Mobile\index.ts ΓûôΓûôΓûôΓûôΓûôΓûôΓûôΓûôΓûôΓûôΓûôΓûôΓûôΓûôΓûæΓûæ 91.8% (1626/1697)
Android Bundled 8944ms Frequen-C-Mobile\index.ts (2126 modules)
 WARN  [expo-av]: Expo AV has been deprecated and will be removed in SDK 54. Use the `expo-audio` and `expo-video` packages to replace the required functionality.
 WARN  setLayoutAnimationEnabledExperimental is currently a no-op in the New Architecture.
 WARN  setLayoutAnimationEnabledExperimental is currently a no-op in the New Architecture.
Android Frequen-C-Mobile\index.ts ΓûæΓûæΓûæΓûæΓûæΓûæΓûæΓûæΓûæΓûæΓûæΓûæΓûæΓûæΓûæΓûæ  0.0% (0/1)
Android Bundled 48ms Frequen-C-Mobile\index.ts (1 module)
 WARN  [expo-av]: Expo AV has been deprecated and will be removed in SDK 54. Use the `expo-audio` and `expo-video` packages to replace the required functionality.
 WARN  setLayoutAnimationEnabledExperimental is currently a no-op in the New Architecture.
 WARN  setLayoutAnimationEnabledExperimental is currently a no-op in the New Architecture.
 WARN  It looks like you might be using shared value's .value inside reanimated inline style. If you want a component to update when shared value changes you should use the shared value directly instead of its current state represented by `.value`. See documentation here: https://docs.swmansion.com/react-native-reanimated/docs/fundamentals/glossary/#animations-in-inline-styling
 ERROR  [Notifications] Failed to get push token: [Error: Make sure to complete the guide at https://docs.expo.dev/push-notifications/fcm-credentials/ : Default FirebaseApp is not initialized in this process com.frequenc.app. Make sure to call FirebaseApp.initializeApp(Context) first.]
 WARN  [Forecast] AI service not configured
 WARN  It looks like you might be using shared value's .value inside reanimated inline style. If you want a component to update when shared value changes you should use the shared value directly instead of its current state represented by `.value`. See documentation here: https://docs.swmansion.com/react-native-reanimated/docs/fundamentals/glossary/#animations-in-inline-styling
 WARN  It looks like you might be using shared value's .value inside reanimated inline style. If you want a component to update when shared value changes you should use the shared value directly instead of its current state represented by `.value`. See documentation here: https://docs.swmansion.com/react-native-reanimated/docs/fundamentals/glossary/#animations-in-inline-styling
 WARN  [Profile] Failed to load provider status: [ApiError: Unknown error]
 WARN  It looks like you might be using shared value's .value inside reanimated inline style. If you want a component to update when shared value changes you should use the shared value directly instead of its current state represented by `.value`. See documentation here: https://docs.swmansion.com/react-native-reanimated/docs/fundamentals/glossary/#animations-in-inline-styling
 WARN  It looks like you might be using shared value's .value inside reanimated inline style. If you want a component to update when shared value changes you should use the shared value directly instead of its current state represented by `.value`. See documentation here: https://docs.swmansion.com/react-native-reanimated/docs/fundamentals/glossary/#animations-in-inline-styling
 WARN  It looks like you might be using shared value's .value inside reanimated inline style. If you want a component to update when shared value changes you should use the shared value directly instead of its current state represented by `.value`. See documentation here: https://docs.swmansion.com/react-native-reanimated/docs/fundamentals/glossary/#animations-in-inline-styling
 WARN  It looks like you might be using shared value's .value inside reanimated inline style. If you want a component to update when shared value changes you should use the shared value directly instead of its current state represented by `.value`. See documentation here: https://docs.swmansion.com/react-native-reanimated/docs/fundamentals/glossary/#animations-in-inline-styling
 WARN  It looks like you might be using shared value's .value inside reanimated inline style. If you want a component to update when shared value changes you should use the shared value directly instead of its current state represented by `.value`. See documentation here: https://docs.swmansion.com/react-native-reanimated/docs/fundamentals/glossary/#animations-in-inline-styling
 WARN  It looks like you might be using shared value's .value inside reanimated inline style. If you want a component to update when shared value changes you should use the shared value directly instead of its current state represented by `.value`. See documentation here: https://docs.swmansion.com/react-native-reanimated/docs/fundamentals/glossary/#animations-in-inline-styling
 WARN  It looks like you might be using shared value's .value inside reanimated inline style. If you want a component to update when shared value changes you should use the shared value directly instead of its current state represented by `.value`. See documentation here: https://docs.swmansion.com/react-native-reanimated/docs/fundamentals/glossary/#animations-in-inline-styling
 WARN  It looks like you might be using shared value's .value inside reanimated inline style. If you want a component to update when shared value changes you should use the shared value directly instead of its current state represented by `.value`. See documentation here: https://docs.swmansion.com/react-native-reanimated/docs/fundamentals/glossary/#animations-in-inline-styling
 WARN  It looks like you might be using shared value's .value inside reanimated inline style. If you want a component to update when shared value changes you should use the shared value directly instead of its current state represented by `.value`. See documentation here: https://docs.swmansion.com/react-native-reanimated/docs/fundamentals/glossary/#animations-in-inline-styling
 WARN  It looks like you might be using shared value's .value inside reanimated inline style. If you want a component to update when shared value changes you should use the shared value directly instead of its current state represented by `.value`. See documentation here: https://docs.swmansion.com/react-native-reanimated/docs/fundamentals/glossary/#animations-in-inline-styling
 WARN  It looks like you might be using shared value's .value inside reanimated inline style. If you want a component to update when shared value changes you should use the shared value directly instead of its current state represented by `.value`. See documentation here: https://docs.swmansion.com/react-native-reanimated/docs/fundamentals/glossary/#animations-in-inline-styling
 WARN  It looks like you might be using shared value's .value inside reanimated inline style. If you want a component to update when shared value changes you should use the shared value directly instead of its current state represented by `.value`. See documentation here: https://docs.swmansion.com/react-native-reanimated/docs/fundamentals/glossary/#animations-in-inline-styling
 WARN  It looks like you might be using shared value's .value inside reanimated inline style. If you want a component to update when shared value changes you should use the shared value directly instead of its current state represented by `.value`. See documentation here: https://docs.swmansion.com/react-native-reanimated/docs/fundamentals/glossary/#animations-in-inline-styling
 WARN  It looks like you might be using shared value's .value inside reanimated inline style. If you want a component to update when shared value changes you should use the shared value directly instead of its current state represented by `.value`. See documentation here: https://docs.swmansion.com/react-native-reanimated/docs/fundamentals/glossary/#animations-in-inline-styling
 WARN  It looks like you might be using shared value's .value inside reanimated inline style. If you want a component to update when shared value changes you should use the shared value directly instead of its current state represented by `.value`. See documentation here: https://docs.swmansion.com/react-native-reanimated/docs/fundamentals/glossary/#animations-in-inline-styling
 WARN  It looks like you might be using shared value's .value inside reanimated inline style. If you want a component to update when shared value changes you should use the shared value directly instead of its current state represented by `.value`. See documentation here: https://docs.swmansion.com/react-native-reanimated/docs/fundamentals/glossary/#animations-in-inline-styling
 WARN  It looks like you might be using shared value's .value inside reanimated inline style. If you want a component to update when shared value changes you should use the shared value directly instead of its current state represented by `.value`. See documentation here: https://docs.swmansion.com/react-native-reanimated/docs/fundamentals/glossary/#animations-in-inline-styling
 WARN  It looks like you might be using shared value's .value inside reanimated inline style. If you want a component to update when shared value changes you should use the shared value directly instead of its current state represented by `.value`. See documentation here: https://docs.swmansion.com/react-native-reanimated/docs/fundamentals/glossary/#animations-in-inline-styling
 WARN  It looks like you might be using shared value's .value inside reanimated inline style. If you want a component to update when shared value changes you should use the shared value directly instead of its current state represented by `.value`. See documentation here: https://docs.swmansion.com/react-native-reanimated/docs/fundamentals/glossary/#animations-in-inline-styling
 WARN  It looks like you might be using shared value's .value inside reanimated inline style. If you want a component to update when shared value changes you should use the shared value directly instead of its current state represented by `.value`. See documentation here: https://docs.swmansion.com/react-native-reanimated/docs/fundamentals/glossary/#animations-in-inline-styling
 WARN  It looks like you might be using shared value's .value inside reanimated inline style. If you want a component to update when shared value changes you should use the shared value directly instead of its current state represented by `.value`. See documentation here: https://docs.swmansion.com/react-native-reanimated/docs/fundamentals/glossary/#animations-in-inline-styling
 WARN  It looks like you might be using shared value's .value inside reanimated inline style. If you want a component to update when shared value changes you should use the shared value directly instead of its current state represented by `.value`. See documentation here: https://docs.swmansion.com/react-native-reanimated/docs/fundamentals/glossary/#animations-in-inline-styling
 WARN  It looks like you might be using shared value's .value inside reanimated inline style. If you want a component to update when shared value changes you should use the shared value directly instead of its current state represented by `.value`. See documentation here: https://docs.swmansion.com/react-native-reanimated/docs/fundamentals/glossary/#animations-in-inline-styling
 WARN  It looks like you might be using shared value's .value inside reanimated inline style. If you want a component to update when shared value changes you should use the shared value directly instead of its current state represented by `.value`. See documentation here: https://docs.swmansion.com/react-native-reanimated/docs/fundamentals/glossary/#animations-in-inline-styling
 WARN  It looks like you might be using shared value's .value inside reanimated inline style. If you want a component to update when shared value changes you should use the shared value directly instead of its current state represented by `.value`. See documentation here: https://docs.swmansion.com/react-native-reanimated/docs/fundamentals/glossary/#animations-in-inline-styling
 WARN  It looks like you might be using shared value's .value inside reanimated inline style. If you want a component to update when shared value changes you should use the shared value directly instead of its current state represented by `.value`. See documentation here: https://docs.swmansion.com/react-native-reanimated/docs/fundamentals/glossary/#animations-in-inline-styling
 WARN  It looks like you might be using shared value's .value inside reanimated inline style. If you want a component to update when shared value changes you should use the shared value directly instead of its current state represented by `.value`. See documentation here: https://docs.swmansion.com/react-native-reanimated/docs/fundamentals/glossary/#animations-in-inline-styling
 WARN  It looks like you might be using shared value's .value inside reanimated inline style. If you want a component to update when shared value changes you should use the shared value directly instead of its current state represented by `.value`. See documentation here: https://docs.swmansion.com/react-native-reanimated/docs/fundamentals/glossary/#animations-in-inline-styling
 WARN  It looks like you might be using shared value's .value inside reanimated inline style. If you want a component to update when shared value changes you should use the shared value directly instead of its current state represented by `.value`. See documentation here: https://docs.swmansion.com/react-native-reanimated/docs/fundamentals/glossary/#animations-in-inline-styling
 WARN  It looks like you might be using shared value's .value inside reanimated inline style. If you want a component to update when shared value changes you should use the shared value directly instead of its current state represented by `.value`. See documentation here: https://docs.swmansion.com/react-native-reanimated/docs/fundamentals/glossary/#animations-in-inline-styling
 WARN  It looks like you might be using shared value's .value inside reanimated inline style. If you want a component to update when shared value changes you should use the shared value directly instead of its current state represented by `.value`. See documentation here: https://docs.swmansion.com/react-native-reanimated/docs/fundamentals/glossary/#animations-in-inline-styling
 WARN  It looks like you might be using shared value's .value inside reanimated inline style. If you want a component to update when shared value changes you should use the shared value directly instead of its current state represented by `.value`. See documentation here: https://docs.swmansion.com/react-native-reanimated/docs/fundamentals/glossary/#animations-in-inline-styling
 WARN  It looks like you might be using shared value's .value inside reanimated inline style. If you want a component to update when shared value changes you should use the shared value directly instead of its current state represented by `.value`. See documentation here: https://docs.swmansion.com/react-native-reanimated/docs/fundamentals/glossary/#animations-in-inline-styling
 WARN  It looks like you might be using shared value's .value inside reanimated inline style. If you want a component to update when shared value changes you should use the shared value directly instead of its current state represented by `.value`. See documentation here: https://docs.swmansion.com/react-native-reanimated/docs/fundamentals/glossary/#animations-in-inline-styling
 WARN  It looks like you might be using shared value's .value inside reanimated inline style. If you want a component to update when shared value changes you should use the shared value directly instead of its current state represented by `.value`. See documentation here: https://docs.swmansion.com/react-native-reanimated/docs/fundamentals/glossary/#animations-in-inline-styling
 WARN  It looks like you might be using shared value's .value inside reanimated inline style. If you want a component to update when shared value changes you should use the shared value directly instead of its current state represented by `.value`. See documentation here: https://docs.swmansion.com/react-native-reanimated/docs/fundamentals/glossary/#animations-in-inline-styling
 WARN  It looks like you might be using shared value's .value inside reanimated inline style. If you want a component to update when shared value changes you should use the shared value directly instead of its current state represented by `.value`. See documentation here: https://docs.swmansion.com/react-native-reanimated/docs/fundamentals/glossary/#animations-in-inline-styling
 WARN  It looks like you might be using shared value's .value inside reanimated inline style. If you want a component to update when shared value changes you should use the shared value directly instead of its current state represented by `.value`. See documentation here: https://docs.swmansion.com/react-native-reanimated/docs/fundamentals/glossary/#animations-in-inline-styling
 WARN  [Profile] Failed to load provider status: [ApiError: Unknown error]
 WARN  It looks like you might be using shared value's .value inside reanimated inline style. If you want a component to update when shared value changes you should use the shared value directly instead of its current state represented by `.value`. See documentation here: https://docs.swmansion.com/react-native-reanimated/docs/fundamentals/glossary/#animations-in-inline-styling
 WARN  It looks like you might be using shared value's .value inside reanimated inline style. If you want a component to update when shared value changes you should use the shared value directly instead of its current state represented by `.value`. See documentation here: https://docs.swmansion.com/react-native-reanimated/docs/fundamentals/glossary/#animations-in-inline-styling
 LOG  [Auth] Last.fm redirectUri: frequenc://
 WARN  It looks like you might be using shared value's .value inside reanimated inline style. If you want a component to update when shared value changes you should use the shared value directly instead of its current state represented by `.value`. See documentation here: https://docs.swmansion.com/react-native-reanimated/docs/fundamentals/glossary/#animations-in-inline-styling
 WARN  [Forecast] AI service not configured
 WARN  It looks like you might be using shared value's .value inside reanimated inline style. If you want a component to update when shared value changes you should use the shared value directly instead of its current state represented by `.value`. See documentation here: https://docs.swmansion.com/react-native-reanimated/docs/fundamentals/glossary/#animations-in-inline-styling
 WARN  It looks like you might be using shared value's .value inside reanimated inline style. If you want a component to update when shared value changes you should use the shared value directly instead of its current state represented by `.value`. See documentation here: https://docs.swmansion.com/react-native-reanimated/docs/fundamentals/glossary/#animations-in-inline-styling
 WARN  [Profile] Failed to load provider status: [ApiError: Unknown error]
 WARN  It looks like you might be using shared value's .value inside reanimated inline style. If you want a component to update when shared value changes you should use the shared value directly instead of its current state represented by `.value`. See documentation here: https://docs.swmansion.com/react-native-reanimated/docs/fundamentals/glossary/#animations-in-inline-styling
 WARN  It looks like you might be using shared value's .value inside reanimated inline style. If you want a component to update when shared value changes you should use the shared value directly instead of its current state represented by `.value`. See documentation here: https://docs.swmansion.com/react-native-reanimated/docs/fundamentals/glossary/#animations-in-inline-styling
 WARN  It looks like you might be using shared value's .value inside reanimated inline style. If you want a component to update when shared value changes you should use the shared value directly instead of its current state represented by `.value`. See documentation here: https://docs.swmansion.com/react-native-reanimated/docs/fundamentals/glossary/#animations-in-inline-styling
 WARN  It looks like you might be using shared value's .value inside reanimated inline style. If you want a component to update when shared value changes you should use the shared value directly instead of its current state represented by `.value`. See documentation here: https://docs.swmansion.com/react-native-reanimated/docs/fundamentals/glossary/#animations-in-inline-styling
 WARN  [Profile] Failed to load provider status: [ApiError: Unknown error]
 WARN  [Profile] Failed to load provider status: [ApiError: Unknown error]
 WARN  It looks like you might be using shared value's .value inside reanimated inline style. If you want a component to update when shared value changes you should use the shared value directly instead of its current state represented by `.value`. See documentation here: https://docs.swmansion.com/react-native-reanimated/docs/fundamentals/glossary/#animations-in-inline-styling
 WARN  It looks like you might be using shared value's .value inside reanimated inline style. If you want a component to update when shared value changes you should use the shared value directly instead of its current state represented by `.value`. See documentation here: https://docs.swmansion.com/react-native-reanimated/docs/fundamentals/glossary/#animations-in-inline-styling
 WARN  It looks like you might be using shared value's .value inside reanimated inline style. If you want a component to update when shared value changes you should use the shared value directly instead of its current state represented by `.value`. See documentation here: https://docs.swmansion.com/react-native-reanimated/docs/fundamentals/glossary/#animations-in-inline-styling
 WARN  It looks like you might be using shared value's .value inside reanimated inline style. If you want a component to update when shared value changes you should use the shared value directly instead of its current state represented by `.value`. See documentation here: https://docs.swmansion.com/react-native-reanimated/docs/fundamentals/glossary/#animations-in-inline-styling
 WARN  [Profile] Failed to load provider status: [ApiError: Unknown error]
 WARN  [Profile] Failed to load provider status: [ApiError: Unknown error]
 WARN  It looks like you might be using shared value's .value inside reanimated inline style. If you want a component to update when shared value changes you should use the shared value directly instead of its current state represented by `.value`. See documentation here: https://docs.swmansion.com/react-native-reanimated/docs/fundamentals/glossary/#animations-in-inline-styling
 WARN  It looks like you might be using shared value's .value inside reanimated inline style. If you want a component to update when shared value changes you should use the shared value directly instead of its current state represented by `.value`. See documentation here: https://docs.swmansion.com/react-native-reanimated/docs/fundamentals/glossary/#animations-in-inline-styling
 LOG  [Auth] Spotify redirectUri: frequenc://
 LOG  [Auth] Auth runtime: standalone
 WARN  It looks like you might be using shared value's .value inside reanimated inline style. If you want a component to update when shared value changes you should use the shared value directly instead of its current state represented by `.value`. See documentation here: https://docs.swmansion.com/react-native-reanimated/docs/fundamentals/glossary/#animations-in-inline-styling
 WARN  It looks like you might be using shared value's .value inside reanimated inline style. If you want a component to update when shared value changes you should use the shared value directly instead of its current state represented by `.value`. See documentation here: https://docs.swmansion.com/react-native-reanimated/docs/fundamentals/glossary/#animations-in-inline-styling
 WARN  It looks like you might be using shared value's .value inside reanimated inline style. If you want a component to update when shared value changes you should use the shared value directly instead of its current state represented by `.value`. See documentation here: https://docs.swmansion.com/react-native-reanimated/docs/fundamentals/glossary/#animations-in-inline-styling
 WARN  It looks like you might be using shared value's .value inside reanimated inline style. If you want a component to update when shared value changes you should use the shared value directly instead of its current state represented by `.value`. See documentation here: https://docs.swmansion.com/react-native-reanimated/docs/fundamentals/glossary/#animations-in-inline-styling
 WARN  It looks like you might be using shared value's .value inside reanimated inline style. If you want a component to update when shared value changes you should use the shared value directly instead of its current state represented by `.value`. See documentation here: https://docs.swmansion.com/react-native-reanimated/docs/fundamentals/glossary/#animations-in-inline-styling
 WARN  It looks like you might be using shared value's .value inside reanimated inline style. If you want a component to update when shared value changes you should use the shared value directly instead of its current state represented by `.value`. See documentation here: https://docs.swmansion.com/react-native-reanimated/docs/fundamentals/glossary/#animations-in-inline-styling
 LOG  [Auth] SoundCloud redirectUri: http://192.168.1.4:5000/api/auth/soundcloud/callback
 LOG  [Auth] SoundCloud sessionReturnUrl: frequenc://
 WARN  It looks like you might be using shared value's .value inside reanimated inline style. If you want a component to update when shared value changes you should use the shared value directly instead of its current state represented by `.value`. See documentation here: https://docs.swmansion.com/react-native-reanimated/docs/fundamentals/glossary/#animations-in-inline-styling
 WARN  It looks like you might be using shared value's .value inside reanimated inline style. If you want a component to update when shared value changes you should use the shared value directly instead of its current state represented by `.value`. See documentation here: https://docs.swmansion.com/react-native-reanimated/docs/fundamentals/glossary/#animations-in-inline-styling
 WARN  It looks like you might be using shared value's .value inside reanimated inline style. If you want a component to update when shared value changes you should use the shared value directly instead of its current state represented by `.value`. See documentation here: https://docs.swmansion.com/react-native-reanimated/docs/fundamentals/glossary/#animations-in-inline-styling
 WARN  It looks like you might be using shared value's .value inside reanimated inline style. If you want a component to update when shared value changes you should use the shared value directly instead of its current state represented by `.value`. See documentation here: https://docs.swmansion.com/react-native-reanimated/docs/fundamentals/glossary/#animations-in-inline-styling
 LOG  [Auth] Tidal redirectUri: frequenc://
 LOG  [Auth] Auth runtime: standalone
 WARN  It looks like you might be using shared value's .value inside reanimated inline style. If you want a component to update when shared value changes you should use the shared value directly instead of its current state represented by `.value`. See documentation here: https://docs.swmansion.com/react-native-reanimated/docs/fundamentals/glossary/#animations-in-inline-styling
 WARN  It looks like you might be using shared value's .value inside reanimated inline style. If you want a component to update when shared value changes you should use the shared value directly instead of its current state represented by `.value`. See documentation here: https://docs.swmansion.com/react-native-reanimated/docs/fundamentals/glossary/#animations-in-inline-styling
 WARN  It looks like you might be using shared value's .value inside reanimated inline style. If you want a component to update when shared value changes you should use the shared value directly instead of its current state represented by `.value`. See documentation here: https://docs.swmansion.com/react-native-reanimated/docs/fundamentals/glossary/#animations-in-inline-styling
 WARN  It looks like you might be using shared value's .value inside reanimated inline style. If you want a component to update when shared value changes you should use the shared value directly instead of its current state represented by `.value`. See documentation here: https://docs.swmansion.com/react-native-reanimated/docs/fundamentals/glossary/#animations-in-inline-styling
 WARN  It looks like you might be using shared value's .value inside reanimated inline style. If you want a component to update when shared value changes you should use the shared value directly instead of its current state represented by `.value`. See documentation here: https://docs.swmansion.com/react-native-reanimated/docs/fundamentals/glossary/#animations-in-inline-styling
 WARN  It looks like you might be using shared value's .value inside reanimated inline style. If you want a component to update when shared value changes you should use the shared value directly instead of its current state represented by `.value`. See documentation here: https://docs.swmansion.com/react-native-reanimated/docs/fundamentals/glossary/#animations-in-inline-styling
 WARN  It looks like you might be using shared value's .value inside reanimated inline style. If you want a component to update when shared value changes you should use the shared value directly instead of its current state represented by `.value`. See documentation here: https://docs.swmansion.com/react-native-reanimated/docs/fundamentals/glossary/#animations-in-inline-styling
 WARN  It looks like you might be using shared value's .value inside reanimated inline style. If you want a component to update when shared value changes you should use the shared value directly instead of its current state represented by `.value`. See documentation here: https://docs.swmansion.com/react-native-reanimated/docs/fundamentals/glossary/#animations-in-inline-styling
 WARN  It looks like you might be using shared value's .value inside reanimated inline style. If you want a component to update when shared value changes you should use the shared value directly instead of its current state represented by `.value`. See documentation here: https://docs.swmansion.com/react-native-reanimated/docs/fundamentals/glossary/#animations-in-inline-styling
 WARN  It looks like you might be using shared value's .value inside reanimated inline style. If you want a component to update when shared value changes you should use the shared value directly instead of its current state represented by `.value`. See documentation here: https://docs.swmansion.com/react-native-reanimated/docs/fundamentals/glossary/#animations-in-inline-styling
 WARN  It looks like you might be using shared value's .value inside reanimated inline style. If you want a component to update when shared value changes you should use the shared value directly instead of its current state represented by `.value`. See documentation here: https://docs.swmansion.com/react-native-reanimated/docs/fundamentals/glossary/#animations-in-inline-styling
 WARN  It looks like you might be using shared value's .value inside reanimated inline style. If you want a component to update when shared value changes you should use the shared value directly instead of its current state represented by `.value`. See documentation here: https://docs.swmansion.com/react-native-reanimated/docs/fundamentals/glossary/#animations-in-inline-styling
 WARN  It looks like you might be using shared value's .value inside reanimated inline style. If you want a component to update when shared value changes you should use the shared value directly instead of its current state represented by `.value`. See documentation here: https://docs.swmansion.com/react-native-reanimated/docs/fundamentals/glossary/#animations-in-inline-styling
 WARN  It looks like you might be using shared value's .value inside reanimated inline style. If you want a component to update when shared value changes you should use the shared value directly instead of its current state represented by `.value`. See documentation here: https://docs.swmansion.com/react-native-reanimated/docs/fundamentals/glossary/#animations-in-inline-styling
 WARN  It looks like you might be using shared value's .value inside reanimated inline style. If you want a component to update when shared value changes you should use the shared value directly instead of its current state represented by `.value`. See documentation here: https://docs.swmansion.com/react-native-reanimated/docs/fundamentals/glossary/#animations-in-inline-styling
 WARN  It looks like you might be using shared value's .value inside reanimated inline style. If you want a component to update when shared value changes you should use the shared value directly instead of its current state represented by `.value`. See documentation here: https://docs.swmansion.com/react-native-reanimated/docs/fundamentals/glossary/#animations-in-inline-styling
 WARN  It looks like you might be using shared value's .value inside reanimated inline style. If you want a component to update when shared value changes you should use the shared value directly instead of its current state represented by `.value`. See documentation here: https://docs.swmansion.com/react-native-reanimated/docs/fundamentals/glossary/#animations-in-inline-styling
 WARN  It looks like you might be using shared value's .value inside reanimated inline style. If you want a component to update when shared value changes you should use the shared value directly instead of its current state represented by `.value`. See documentation here: https://docs.swmansion.com/react-native-reanimated/docs/fundamentals/glossary/#animations-in-inline-styling
 WARN  It looks like you might be using shared value's .value inside reanimated inline style. If you want a component to update when shared value changes you should use the shared value directly instead of its current state represented by `.value`. See documentation here: https://docs.swmansion.com/react-native-reanimated/docs/fundamentals/glossary/#animations-in-inline-styling
 WARN  It looks like you might be using shared value's .value inside reanimated inline style. If you want a component to update when shared value changes you should use the shared value directly instead of its current state represented by `.value`. See documentation here: https://docs.swmansion.com/react-native-reanimated/docs/fundamentals/glossary/#animations-in-inline-styling
 WARN  It looks like you might be using shared value's .value inside reanimated inline style. If you want a component to update when shared value changes you should use the shared value directly instead of its current state represented by `.value`. See documentation here: https://docs.swmansion.com/react-native-reanimated/docs/fundamentals/glossary/#animations-in-inline-styling
 WARN  It looks like you might be using shared value's .value inside reanimated inline style. If you want a component to update when shared value changes you should use the shared value directly instead of its current state represented by `.value`. See documentation here: https://docs.swmansion.com/react-native-reanimated/docs/fundamentals/glossary/#animations-in-inline-styling
 WARN  It looks like you might be using shared value's .value inside reanimated inline style. If you want a component to update when shared value changes you should use the shared value directly instead of its current state represented by `.value`. See documentation here: https://docs.swmansion.com/react-native-reanimated/docs/fundamentals/glossary/#animations-in-inline-styling
 WARN  It looks like you might be using shared value's .value inside reanimated inline style. If you want a component to update when shared value changes you should use the shared value directly instead of its current state represented by `.value`. See documentation here: https://docs.swmansion.com/react-native-reanimated/docs/fundamentals/glossary/#animations-in-inline-styling
 WARN  It looks like you might be using shared value's .value inside reanimated inline style. If you want a component to update when shared value changes you should use the shared value directly instead of its current state represented by `.value`. See documentation here: https://docs.swmansion.com/react-native-reanimated/docs/fundamentals/glossary/#animations-in-inline-styling
 WARN  It looks like you might be using shared value's .value inside reanimated inline style. If you want a component to update when shared value changes you should use the shared value directly instead of its current state represented by `.value`. See documentation here: https://docs.swmansion.com/react-native-reanimated/docs/fundamentals/glossary/#animations-in-inline-styling
 WARN  It looks like you might be using shared value's .value inside reanimated inline style. If you want a component to update when shared value changes you should use the shared value directly instead of its current state represented by `.value`. See documentation here: https://docs.swmansion.com/react-native-reanimated/docs/fundamentals/glossary/#animations-in-inline-styling
 WARN  It looks like you might be using shared value's .value inside reanimated inline style. If you want a component to update when shared value changes you should use the shared value directly instead of its current state represented by `.value`. See documentation here: https://docs.swmansion.com/react-native-reanimated/docs/fundamentals/glossary/#animations-in-inline-styling
 WARN  It looks like you might be using shared value's .value inside reanimated inline style. If you want a component to update when shared value changes you should use the shared value directly instead of its current state represented by `.value`. See documentation here: https://docs.swmansion.com/react-native-reanimated/docs/fundamentals/glossary/#animations-in-inline-styling
 WARN  It looks like you might be using shared value's .value inside reanimated inline style. If you want a component to update when shared value changes you should use the shared value directly instead of its current state represented by `.value`. See documentation here: https://docs.swmansion.com/react-native-reanimated/docs/fundamentals/glossary/#animations-in-inline-styling
 WARN  It looks like you might be using shared value's .value inside reanimated inline style. If you want a component to update when shared value changes you should use the shared value directly instead of its current state represented by `.value`. See documentation here: https://docs.swmansion.com/react-native-reanimated/docs/fundamentals/glossary/#animations-in-inline-styling
 WARN  It looks like you might be using shared value's .value inside reanimated inline style. If you want a component to update when shared value changes you should use the shared value directly instead of its current state represented by `.value`. See documentation here: https://docs.swmansion.com/react-native-reanimated/docs/fundamentals/glossary/#animations-in-inline-styling
 WARN  It looks like you might be using shared value's .value inside reanimated inline style. If you want a component to update when shared value changes you should use the shared value directly instead of its current state represented by `.value`. See documentation here: https://docs.swmansion.com/react-native-reanimated/docs/fundamentals/glossary/#animations-in-inline-styling
 WARN  It looks like you might be using shared value's .value inside reanimated inline style. If you want a component to update when shared value changes you should use the shared value directly instead of its current state represented by `.value`. See documentation here: https://docs.swmansion.com/react-native-reanimated/docs/fundamentals/glossary/#animations-in-inline-styling
 WARN  It looks like you might be using shared value's .value inside reanimated inline style. If you want a component to update when shared value changes you should use the shared value directly instead of its current state represented by `.value`. See documentation here: https://docs.swmansion.com/react-native-reanimated/docs/fundamentals/glossary/#animations-in-inline-styling
 WARN  It looks like you might be using shared value's .value inside reanimated inline style. If you want a component to update when shared value changes you should use the shared value directly instead of its current state represented by `.value`. See documentation here: https://docs.swmansion.com/react-native-reanimated/docs/fundamentals/glossary/#animations-in-inline-styling
 WARN  It looks like you might be using shared value's .value inside reanimated inline style. If you want a component to update when shared value changes you should use the shared value directly instead of its current state represented by `.value`. See documentation here: https://docs.swmansion.com/react-native-reanimated/docs/fundamentals/glossary/#animations-in-inline-styling
 WARN  It looks like you might be using shared value's .value inside reanimated inline style. If you want a component to update when shared value changes you should use the shared value directly instead of its current state represented by `.value`. See documentation here: https://docs.swmansion.com/react-native-reanimated/docs/fundamentals/glossary/#animations-in-inline-styling
 WARN  It looks like you might be using shared value's .value inside reanimated inline style. If you want a component to update when shared value changes you should use the shared value directly instead of its current state represented by `.value`. See documentation here: https://docs.swmansion.com/react-native-reanimated/docs/fundamentals/glossary/#animations-in-inline-styling
 WARN  It looks like you might be using shared value's .value inside reanimated inline style. If you want a component to update when shared value changes you should use the shared value directly instead of its current state represented by `.value`. See documentation here: https://docs.swmansion.com/react-native-reanimated/docs/fundamentals/glossary/#animations-in-inline-styling
 WARN  It looks like you might be using shared value's .value inside reanimated inline style. If you want a component to update when shared value changes you should use the shared value directly instead of its current state represented by `.value`. See documentation here: https://docs.swmansion.com/react-native-reanimated/docs/fundamentals/glossary/#animations-in-inline-styling
 WARN  It looks like you might be using shared value's .value inside reanimated inline style. If you want a component to update when shared value changes you should use the shared value directly instead of its current state represented by `.value`. See documentation here: https://docs.swmansion.com/react-native-reanimated/docs/fundamentals/glossary/#animations-in-inline-styling
 WARN  It looks like you might be using shared value's .value inside reanimated inline style. If you want a component to update when shared value changes you should use the shared value directly instead of its current state represented by `.value`. See documentation here: https://docs.swmansion.com/react-native-reanimated/docs/fundamentals/glossary/#animations-in-inline-styling
 WARN  It looks like you might be using shared value's .value inside reanimated inline style. If you want a component to update when shared value changes you should use the shared value directly instead of its current state represented by `.value`. See documentation here: https://docs.swmansion.com/react-native-reanimated/docs/fundamentals/glossary/#animations-in-inline-styling
 WARN  It looks like you might be using shared value's .value inside reanimated inline style. If you want a component to update when shared value changes you should use the shared value directly instead of its current state represented by `.value`. See documentation here: https://docs.swmansion.com/react-native-reanimated/docs/fundamentals/glossary/#animations-in-inline-styling
 WARN  It looks like you might be using shared value's .value inside reanimated inline style. If you want a component to update when shared value changes you should use the shared value directly instead of its current state represented by `.value`. See documentation here: https://docs.swmansion.com/react-native-reanimated/docs/fundamentals/glossary/#animations-in-inline-styling
 WARN  It looks like you might be using shared value's .value inside reanimated inline style. If you want a component to update when shared value changes you should use the shared value directly instead of its current state represented by `.value`. See documentation here: https://docs.swmansion.com/react-native-reanimated/docs/fundamentals/glossary/#animations-in-inline-styling
 WARN  It looks like you might be using shared value's .value inside reanimated inline style. If you want a component to update when shared value changes you should use the shared value directly instead of its current state represented by `.value`. See documentation here: https://docs.swmansion.com/react-native-reanimated/docs/fundamentals/glossary/#animations-in-inline-styling
 WARN  It looks like you might be using shared value's .value inside reanimated inline style. If you want a component to update when shared value changes you should use the shared value directly instead of its current state represented by `.value`. See documentation here: https://docs.swmansion.com/react-native-reanimated/docs/fundamentals/glossary/#animations-in-inline-styling
 WARN  It looks like you might be using shared value's .value inside reanimated inline style. If you want a component to update when shared value changes you should use the shared value directly instead of its current state represented by `.value`. See documentation here: https://docs.swmansion.com/react-native-reanimated/docs/fundamentals/glossary/#animations-in-inline-styling
 WARN  It looks like you might be using shared value's .value inside reanimated inline style. If you want a component to update when shared value changes you should use the shared value directly instead of its current state represented by `.value`. See documentation here: https://docs.swmansion.com/react-native-reanimated/docs/fundamentals/glossary/#animations-in-inline-styling
 WARN  It looks like you might be using shared value's .value inside reanimated inline style. If you want a component to update when shared value changes you should use the shared value directly instead of its current state represented by `.value`. See documentation here: https://docs.swmansion.com/react-native-reanimated/docs/fundamentals/glossary/#animations-in-inline-styling
 WARN  It looks like you might be using shared value's .value inside reanimated inline style. If you want a component to update when shared value changes you should use the shared value directly instead of its current state represented by `.value`. See documentation here: https://docs.swmansion.com/react-native-reanimated/docs/fundamentals/glossary/#animations-in-inline-styling
 WARN  It looks like you might be using shared value's .value inside reanimated inline style. If you want a component to update when shared value changes you should use the shared value directly instead of its current state represented by `.value`. See documentation here: https://docs.swmansion.com/react-native-reanimated/docs/fundamentals/glossary/#animations-in-inline-styling
 WARN  It looks like you might be using shared value's .value inside reanimated inline style. If you want a component to update when shared value changes you should use the shared value directly instead of its current state represented by `.value`. See documentation here: https://docs.swmansion.com/react-native-reanimated/docs/fundamentals/glossary/#animations-in-inline-styling
 WARN  It looks like you might be using shared value's .value inside reanimated inline style. If you want a component to update when shared value changes you should use the shared value directly instead of its current state represented by `.value`. See documentation here: https://docs.swmansion.com/react-native-reanimated/docs/fundamentals/glossary/#animations-in-inline-styling
 WARN  It looks like you might be using shared value's .value inside reanimated inline style. If you want a component to update when shared value changes you should use the shared value directly instead of its current state represented by `.value`. See documentation here: https://docs.swmansion.com/react-native-reanimated/docs/fundamentals/glossary/#animations-in-inline-styling
 WARN  It looks like you might be using shared value's .value inside reanimated inline style. If you want a component to update when shared value changes you should use the shared value directly instead of its current state represented by `.value`. See documentation here: https://docs.swmansion.com/react-native-reanimated/docs/fundamentals/glossary/#animations-in-inline-styling
 WARN  It looks like you might be using shared value's .value inside reanimated inline style. If you want a component to update when shared value changes you should use the shared value directly instead of its current state represented by `.value`. See documentation here: https://docs.swmansion.com/react-native-reanimated/docs/fundamentals/glossary/#animations-in-inline-styling
 WARN  It looks like you might be using shared value's .value inside reanimated inline style. If you want a component to update when shared value changes you should use the shared value directly instead of its current state represented by `.value`. See documentation here: https://docs.swmansion.com/react-native-reanimated/docs/fundamentals/glossary/#animations-in-inline-styling
 WARN  It looks like you might be using shared value's .value inside reanimated inline style. If you want a component to update when shared value changes you should use the shared value directly instead of its current state represented by `.value`. See documentation here: https://docs.swmansion.com/react-native-reanimated/docs/fundamentals/glossary/#animations-in-inline-styling
 WARN  It looks like you might be using shared value's .value inside reanimated inline style. If you want a component to update when shared value changes you should use the shared value directly instead of its current state represented by `.value`. See documentation here: https://docs.swmansion.com/react-native-reanimated/docs/fundamentals/glossary/#animations-in-inline-styling
 WARN  It looks like you might be using shared value's .value inside reanimated inline style. If you want a component to update when shared value changes you should use the shared value directly instead of its current state represented by `.value`. See documentation here: https://docs.swmansion.com/react-native-reanimated/docs/fundamentals/glossary/#animations-in-inline-styling
 WARN  It looks like you might be using shared value's .value inside reanimated inline style. If you want a component to update when shared value changes you should use the shared value directly instead of its current state represented by `.value`. See documentation here: https://docs.swmansion.com/react-native-reanimated/docs/fundamentals/glossary/#animations-in-inline-styling
 WARN  It looks like you might be using shared value's .value inside reanimated inline style. If you want a component to update when shared value changes you should use the shared value directly instead of its current state represented by `.value`. See documentation here: https://docs.swmansion.com/react-native-reanimated/docs/fundamentals/glossary/#animations-in-inline-styling
 WARN  It looks like you might be using shared value's .value inside reanimated inline style. If you want a component to update when shared value changes you should use the shared value directly instead of its current state represented by `.value`. See documentation here: https://docs.swmansion.com/react-native-reanimated/docs/fundamentals/glossary/#animations-in-inline-styling
 WARN  It looks like you might be using shared value's .value inside reanimated inline style. If you want a component to update when shared value changes you should use the shared value directly instead of its current state represented by `.value`. See documentation here: https://docs.swmansion.com/react-native-reanimated/docs/fundamentals/glossary/#animations-in-inline-styling
 WARN  It looks like you might be using shared value's .value inside reanimated inline style. If you want a component to update when shared value changes you should use the shared value directly instead of its current state represented by `.value`. See documentation here: https://docs.swmansion.com/react-native-reanimated/docs/fundamentals/glossary/#animations-in-inline-styling
 WARN  It looks like you might be using shared value's .value inside reanimated inline style. If you want a component to update when shared value changes you should use the shared value directly instead of its current state represented by `.value`. See documentation here: https://docs.swmansion.com/react-native-reanimated/docs/fundamentals/glossary/#animations-in-inline-styling
 WARN  It looks like you might be using shared value's .value inside reanimated inline style. If you want a component to update when shared value changes you should use the shared value directly instead of its current state represented by `.value`. See documentation here: https://docs.swmansion.com/react-native-reanimated/docs/fundamentals/glossary/#animations-in-inline-styling
 WARN  It looks like you might be using shared value's .value inside reanimated inline style. If you want a component to update when shared value changes you should use the shared value directly instead of its current state represented by `.value`. See documentation here: https://docs.swmansion.com/react-native-reanimated/docs/fundamentals/glossary/#animations-in-inline-styling
 WARN  It looks like you might be using shared value's .value inside reanimated inline style. If you want a component to update when shared value changes you should use the shared value directly instead of its current state represented by `.value`. See documentation here: https://docs.swmansion.com/react-native-reanimated/docs/fundamentals/glossary/#animations-in-inline-styling
 WARN  It looks like you might be using shared value's .value inside reanimated inline style. If you want a component to update when shared value changes you should use the shared value directly instead of its current state represented by `.value`. See documentation here: https://docs.swmansion.com/react-native-reanimated/docs/fundamentals/glossary/#animations-in-inline-styling
 WARN  It looks like you might be using shared value's .value inside reanimated inline style. If you want a component to update when shared value changes you should use the shared value directly instead of its current state represented by `.value`. See documentation here: https://docs.swmansion.com/react-native-reanimated/docs/fundamentals/glossary/#animations-in-inline-styling
 WARN  It looks like you might be using shared value's .value inside reanimated inline style. If you want a component to update when shared value changes you should use the shared value directly instead of its current state represented by `.value`. See documentation here: https://docs.swmansion.com/react-native-reanimated/docs/fundamentals/glossary/#animations-in-inline-styling
 WARN  It looks like you might be using shared value's .value inside reanimated inline style. If you want a component to update when shared value changes you should use the shared value directly instead of its current state represented by `.value`. See documentation here: https://docs.swmansion.com/react-native-reanimated/docs/fundamentals/glossary/#animations-in-inline-styling
 WARN  It looks like you might be using shared value's .value inside reanimated inline style. If you want a component to update when shared value changes you should use the shared value directly instead of its current state represented by `.value`. See documentation here: https://docs.swmansion.com/react-native-reanimated/docs/fundamentals/glossary/#animations-in-inline-styling
 WARN  It looks like you might be using shared value's .value inside reanimated inline style. If you want a component to update when shared value changes you should use the shared value directly instead of its current state represented by `.value`. See documentation here: https://docs.swmansion.com/react-native-reanimated/docs/fundamentals/glossary/#animations-in-inline-styling
 WARN  It looks like you might be using shared value's .value inside reanimated inline style. If you want a component to update when shared value changes you should use the shared value directly instead of its current state represented by `.value`. See documentation here: https://docs.swmansion.com/react-native-reanimated/docs/fundamentals/glossary/#animations-in-inline-styling
 WARN  It looks like you might be using shared value's .value inside reanimated inline style. If you want a component to update when shared value changes you should use the shared value directly instead of its current state represented by `.value`. See documentation here: https://docs.swmansion.com/react-native-reanimated/docs/fundamentals/glossary/#animations-in-inline-styling
 WARN  It looks like you might be using shared value's .value inside reanimated inline style. If you want a component to update when shared value changes you should use the shared value directly instead of its current state represented by `.value`. See documentation here: https://docs.swmansion.com/react-native-reanimated/docs/fundamentals/glossary/#animations-in-inline-styling
 WARN  It looks like you might be using shared value's .value inside reanimated inline style. If you want a component to update when shared value changes you should use the shared value directly instead of its current state represented by `.value`. See documentation here: https://docs.swmansion.com/react-native-reanimated/docs/fundamentals/glossary/#animations-in-inline-styling
 WARN  It looks like you might be using shared value's .value inside reanimated inline style. If you want a component to update when shared value changes you should use the shared value directly instead of its current state represented by `.value`. See documentation here: https://docs.swmansion.com/react-native-reanimated/docs/fundamentals/glossary/#animations-in-inline-styling
 WARN  It looks like you might be using shared value's .value inside reanimated inline style. If you want a component to update when shared value changes you should use the shared value directly instead of its current state represented by `.value`. See documentation here: https://docs.swmansion.com/react-native-reanimated/docs/fundamentals/glossary/#animations-in-inline-styling
 WARN  It looks like you might be using shared value's .value inside reanimated inline style. If you want a component to update when shared value changes you should use the shared value directly instead of its current state represented by `.value`. See documentation here: https://docs.swmansion.com/react-native-reanimated/docs/fundamentals/glossary/#animations-in-inline-styling
 WARN  It looks like you might be using shared value's .value inside reanimated inline style. If you want a component to update when shared value changes you should use the shared value directly instead of its current state represented by `.value`. See documentation here: https://docs.swmansion.com/react-native-reanimated/docs/fundamentals/glossary/#animations-in-inline-styling
 WARN  It looks like you might be using shared value's .value inside reanimated inline style. If you want a component to update when shared value changes you should use the shared value directly instead of its current state represented by `.value`. See documentation here: https://docs.swmansion.com/react-native-reanimated/docs/fundamentals/glossary/#animations-in-inline-styling
 WARN  It looks like you might be using shared value's .value inside reanimated inline style. If you want a component to update when shared value changes you should use the shared value directly instead of its current state represented by `.value`. See documentation here: https://docs.swmansion.com/react-native-reanimated/docs/fundamentals/glossary/#animations-in-inline-styling
 WARN  It looks like you might be using shared value's .value inside reanimated inline style. If you want a component to update when shared value changes you should use the shared value directly instead of its current state represented by `.value`. See documentation here: https://docs.swmansion.com/react-native-reanimated/docs/fundamentals/glossary/#animations-in-inline-styling
 WARN  It looks like you might be using shared value's .value inside reanimated inline style. If you want a component to update when shared value changes you should use the shared value directly instead of its current state represented by `.value`. See documentation here: https://docs.swmansion.com/react-native-reanimated/docs/fundamentals/glossary/#animations-in-inline-styling
 WARN  It looks like you might be using shared value's .value inside reanimated inline style. If you want a component to update when shared value changes you should use the shared value directly instead of its current state represented by `.value`. See documentation here: https://docs.swmansion.com/react-native-reanimated/docs/fundamentals/glossary/#animations-in-inline-styling
 WARN  It looks like you might be using shared value's .value inside reanimated inline style. If you want a component to update when shared value changes you should use the shared value directly instead of its current state represented by `.value`. See documentation here: https://docs.swmansion.com/react-native-reanimated/docs/fundamentals/glossary/#animations-in-inline-styling
 WARN  It looks like you might be using shared value's .value inside reanimated inline style. If you want a component to update when shared value changes you should use the shared value directly instead of its current state represented by `.value`. See documentation here: https://docs.swmansion.com/react-native-reanimated/docs/fundamentals/glossary/#animations-in-inline-styling
 WARN  It looks like you might be using shared value's .value inside reanimated inline style. If you want a component to update when shared value changes you should use the shared value directly instead of its current state represented by `.value`. See documentation here: https://docs.swmansion.com/react-native-reanimated/docs/fundamentals/glossary/#animations-in-inline-styling
 WARN  It looks like you might be using shared value's .value inside reanimated inline style. If you want a component to update when shared value changes you should use the shared value directly instead of its current state represented by `.value`. See documentation here: https://docs.swmansion.com/react-native-reanimated/docs/fundamentals/glossary/#animations-in-inline-styling
 WARN  It looks like you might be using shared value's .value inside reanimated inline style. If you want a component to update when shared value changes you should use the shared value directly instead of its current state represented by `.value`. See documentation here: https://docs.swmansion.com/react-native-reanimated/docs/fundamentals/glossary/#animations-in-inline-styling
 WARN  It looks like you might be using shared value's .value inside reanimated inline style. If you want a component to update when shared value changes you should use the shared value directly instead of its current state represented by `.value`. See documentation here: https://docs.swmansion.com/react-native-reanimated/docs/fundamentals/glossary/#animations-in-inline-styling
 WARN  It looks like you might be using shared value's .value inside reanimated inline style. If you want a component to update when shared value changes you should use the shared value directly instead of its current state represented by `.value`. See documentation here: https://docs.swmansion.com/react-native-reanimated/docs/fundamentals/glossary/#animations-in-inline-styling
 WARN  It looks like you might be using shared value's .value inside reanimated inline style. If you want a component to update when shared value changes you should use the shared value directly instead of its current state represented by `.value`. See documentation here: https://docs.swmansion.com/react-native-reanimated/docs/fundamentals/glossary/#animations-in-inline-styling
 WARN  It looks like you might be using shared value's .value inside reanimated inline style. If you want a component to update when shared value changes you should use the shared value directly instead of its current state represented by `.value`. See documentation here: https://docs.swmansion.com/react-native-reanimated/docs/fundamentals/glossary/#animations-in-inline-styling
 WARN  It looks like you might be using shared value's .value inside reanimated inline style. If you want a component to update when shared value changes you should use the shared value directly instead of its current state represented by `.value`. See documentation here: https://docs.swmansion.com/react-native-reanimated/docs/fundamentals/glossary/#animations-in-inline-styling
 WARN  It looks like you might be using shared value's .value inside reanimated inline style. If you want a component to update when shared value changes you should use the shared value directly instead of its current state represented by `.value`. See documentation here: https://docs.swmansion.com/react-native-reanimated/docs/fundamentals/glossary/#animations-in-inline-styling
 WARN  It looks like you might be using shared value's .value inside reanimated inline style. If you want a component to update when shared value changes you should use the shared value directly instead of its current state represented by `.value`. See documentation here: https://docs.swmansion.com/react-native-reanimated/docs/fundamentals/glossary/#animations-in-inline-styling
 WARN  It looks like you might be using shared value's .value inside reanimated inline style. If you want a component to update when shared value changes you should use the shared value directly instead of its current state represented by `.value`. See documentation here: https://docs.swmansion.com/react-native-reanimated/docs/fundamentals/glossary/#animations-in-inline-styling
 WARN  It looks like you might be using shared value's .value inside reanimated inline style. If you want a component to update when shared value changes you should use the shared value directly instead of its current state represented by `.value`. See documentation here: https://docs.swmansion.com/react-native-reanimated/docs/fundamentals/glossary/#animations-in-inline-styling
 WARN  It looks like you might be using shared value's .value inside reanimated inline style. If you want a component to update when shared value changes you should use the shared value directly instead of its current state represented by `.value`. See documentation here: https://docs.swmansion.com/react-native-reanimated/docs/fundamentals/glossary/#animations-in-inline-styling
 WARN  It looks like you might be using shared value's .value inside reanimated inline style. If you want a component to update when shared value changes you should use the shared value directly instead of its current state represented by `.value`. See documentation here: https://docs.swmansion.com/react-native-reanimated/docs/fundamentals/glossary/#animations-in-inline-styling
 WARN  It looks like you might be using shared value's .value inside reanimated inline style. If you want a component to update when shared value changes you should use the shared value directly instead of its current state represented by `.value`. See documentation here: https://docs.swmansion.com/react-native-reanimated/docs/fundamentals/glossary/#animations-in-inline-styling
 WARN  It looks like you might be using shared value's .value inside reanimated inline style. If you want a component to update when shared value changes you should use the shared value directly instead of its current state represented by `.value`. See documentation here: https://docs.swmansion.com/react-native-reanimated/docs/fundamentals/glossary/#animations-in-inline-styling
 WARN  It looks like you might be using shared value's .value inside reanimated inline style. If you want a component to update when shared value changes you should use the shared value directly instead of its current state represented by `.value`. See documentation here: https://docs.swmansion.com/react-native-reanimated/docs/fundamentals/glossary/#animations-in-inline-styling
 WARN  It looks like you might be using shared value's .value inside reanimated inline style. If you want a component to update when shared value changes you should use the shared value directly instead of its current state represented by `.value`. See documentation here: https://docs.swmansion.com/react-native-reanimated/docs/fundamentals/glossary/#animations-in-inline-styling
 WARN  It looks like you might be using shared value's .value inside reanimated inline style. If you want a component to update when shared value changes you should use the shared value directly instead of its current state represented by `.value`. See documentation here: https://docs.swmansion.com/react-native-reanimated/docs/fundamentals/glossary/#animations-in-inline-styling
 WARN  It looks like you might be using shared value's .value inside reanimated inline style. If you want a component to update when shared value changes you should use the shared value directly instead of its current state represented by `.value`. See documentation here: https://docs.swmansion.com/react-native-reanimated/docs/fundamentals/glossary/#animations-in-inline-styling
 WARN  It looks like you might be using shared value's .value inside reanimated inline style. If you want a component to update when shared value changes you should use the shared value directly instead of its current state represented by `.value`. See documentation here: https://docs.swmansion.com/react-native-reanimated/docs/fundamentals/glossary/#animations-in-inline-styling
 WARN  It looks like you might be using shared value's .value inside reanimated inline style. If you want a component to update when shared value changes you should use the shared value directly instead of its current state represented by `.value`. See documentation here: https://docs.swmansion.com/react-native-reanimated/docs/fundamentals/glossary/#animations-in-inline-styling
 WARN  It looks like you might be using shared value's .value inside reanimated inline style. If you want a component to update when shared value changes you should use the shared value directly instead of its current state represented by `.value`. See documentation here: https://docs.swmansion.com/react-native-reanimated/docs/fundamentals/glossary/#animations-in-inline-styling
 WARN  It looks like you might be using shared value's .value inside reanimated inline style. If you want a component to update when shared value changes you should use the shared value directly instead of its current state represented by `.value`. See documentation here: https://docs.swmansion.com/react-native-reanimated/docs/fundamentals/glossary/#animations-in-inline-styling
 WARN  It looks like you might be using shared value's .value inside reanimated inline style. If you want a component to update when shared value changes you should use the shared value directly instead of its current state represented by `.value`. See documentation here: https://docs.swmansion.com/react-native-reanimated/docs/fundamentals/glossary/#animations-in-inline-styling
 WARN  It looks like you might be using shared value's .value inside reanimated inline style. If you want a component to update when shared value changes you should use the shared value directly instead of its current state represented by `.value`. See documentation here: https://docs.swmansion.com/react-native-reanimated/docs/fundamentals/glossary/#animations-in-inline-styling
 WARN  It looks like you might be using shared value's .value inside reanimated inline style. If you want a component to update when shared value changes you should use the shared value directly instead of its current state represented by `.value`. See documentation here: https://docs.swmansion.com/react-native-reanimated/docs/fundamentals/glossary/#animations-in-inline-styling
 WARN  It looks like you might be using shared value's .value inside reanimated inline style. If you want a component to update when shared value changes you should use the shared value directly instead of its current state represented by `.value`. See documentation here: https://docs.swmansion.com/react-native-reanimated/docs/fundamentals/glossary/#animations-in-inline-styling
 WARN  It looks like you might be using shared value's .value inside reanimated inline style. If you want a component to update when shared value changes you should use the shared value directly instead of its current state represented by `.value`. See documentation here: https://docs.swmansion.com/react-native-reanimated/docs/fundamentals/glossary/#animations-in-inline-styling
 WARN  It looks like you might be using shared value's .value inside reanimated inline style. If you want a component to update when shared value changes you should use the shared value directly instead of its current state represented by `.value`. See documentation here: https://docs.swmansion.com/react-native-reanimated/docs/fundamentals/glossary/#animations-in-inline-styling
 WARN  It looks like you might be using shared value's .value inside reanimated inline style. If you want a component to update when shared value changes you should use the shared value directly instead of its current state represented by `.value`. See documentation here: https://docs.swmansion.com/react-native-reanimated/docs/fundamentals/glossary/#animations-in-inline-styling
 ERROR  [Notifications] Failed to get push token: [Error: Make sure to complete the guide at https://docs.expo.dev/push-notifications/fcm-credentials/ : Default FirebaseApp is not initialized in this process com.frequenc.app. Make sure to call FirebaseApp.initializeApp(Context) first.]
 WARN  It looks like you might be using shared value's .value inside reanimated inline style. If you want a component to update when shared value changes you should use the shared value directly instead of its current state represented by `.value`. See documentation here: https://docs.swmansion.com/react-native-reanimated/docs/fundamentals/glossary/#animations-in-inline-styling
 WARN  [Forecast] AI service not configured
 WARN  It looks like you might be using shared value's .value inside reanimated inline style. If you want a component to update when shared value changes you should use the shared value directly instead of its current state represented by `.value`. See documentation here: https://docs.swmansion.com/react-native-reanimated/docs/fundamentals/glossary/#animations-in-inline-styling
 WARN  It looks like you might be using shared value's .value inside reanimated inline style. If you want a component to update when shared value changes you should use the shared value directly instead of its current state represented by `.value`. See documentation here: https://docs.swmansion.com/react-native-reanimated/docs/fundamentals/glossary/#animations-in-inline-styling
 WARN  It looks like you might be using shared value's .value inside reanimated inline style. If you want a component to update when shared value changes you should use the shared value directly instead of its current state represented by `.value`. See documentation here: https://docs.swmansion.com/react-native-reanimated/docs/fundamentals/glossary/#animations-in-inline-styling
 WARN  It looks like you might be using shared value's .value inside reanimated inline style. If you want a component to update when shared value changes you should use the shared value directly instead of its current state represented by `.value`. See documentation here: https://docs.swmansion.com/react-native-reanimated/docs/fundamentals/glossary/#animations-in-inline-styling
 WARN  It looks like you might be using shared value's .value inside reanimated inline style. If you want a component to update when shared value changes you should use the shared value directly instead of its current state represented by `.value`. See documentation here: https://docs.swmansion.com/react-native-reanimated/docs/fundamentals/glossary/#animations-in-inline-styling
 WARN  It looks like you might be using shared value's .value inside reanimated inline style. If you want a component to update when shared value changes you should use the shared value directly instead of its current state represented by `.value`. See documentation here: https://docs.swmansion.com/react-native-reanimated/docs/fundamentals/glossary/#animations-in-inline-styling
 WARN  It looks like you might be using shared value's .value inside reanimated inline style. If you want a component to update when shared value changes you should use the shared value directly instead of its current state represented by `.value`. See documentation here: https://docs.swmansion.com/react-native-reanimated/docs/fundamentals/glossary/#animations-in-inline-styling
 WARN  It looks like you might be using shared value's .value inside reanimated inline style. If you want a component to update when shared value changes you should use the shared value directly instead of its current state represented by `.value`. See documentation here: https://docs.swmansion.com/react-native-reanimated/docs/fundamentals/glossary/#animations-in-inline-styling
 WARN  It looks like you might be using shared value's .value inside reanimated inline style. If you want a component to update when shared value changes you should use the shared value directly instead of its current state represented by `.value`. See documentation here: https://docs.swmansion.com/react-native-reanimated/docs/fundamentals/glossary/#animations-in-inline-styling
 WARN  It looks like you might be using shared value's .value inside reanimated inline style. If you want a component to update when shared value changes you should use the shared value directly instead of its current state represented by `.value`. See documentation here: https://docs.swmansion.com/react-native-reanimated/docs/fundamentals/glossary/#animations-in-inline-styling
 WARN  It looks like you might be using shared value's .value inside reanimated inline style. If you want a component to update when shared value changes you should use the shared value directly instead of its current state represented by `.value`. See documentation here: https://docs.swmansion.com/react-native-reanimated/docs/fundamentals/glossary/#animations-in-inline-styling
 WARN  It looks like you might be using shared value's .value inside reanimated inline style. If you want a component to update when shared value changes you should use the shared value directly instead of its current state represented by `.value`. See documentation here: https://docs.swmansion.com/react-native-reanimated/docs/fundamentals/glossary/#animations-in-inline-styling
 WARN  It looks like you might be using shared value's .value inside reanimated inline style. If you want a component to update when shared value changes you should use the shared value directly instead of its current state represented by `.value`. See documentation here: https://docs.swmansion.com/react-native-reanimated/docs/fundamentals/glossary/#animations-in-inline-styling
 WARN  It looks like you might be using shared value's .value inside reanimated inline style. If you want a component to update when shared value changes you should use the shared value directly instead of its current state represented by `.value`. See documentation here: https://docs.swmansion.com/react-native-reanimated/docs/fundamentals/glossary/#animations-in-inline-styling
 WARN  It looks like you might be using shared value's .value inside reanimated inline style. If you want a component to update when shared value changes you should use the shared value directly instead of its current state represented by `.value`. See documentation here: https://docs.swmansion.com/react-native-reanimated/docs/fundamentals/glossary/#animations-in-inline-styling
 WARN  It looks like you might be using shared value's .value inside reanimated inline style. If you want a component to update when shared value changes you should use the shared value directly instead of its current state represented by `.value`. See documentation here: https://docs.swmansion.com/react-native-reanimated/docs/fundamentals/glossary/#animations-in-inline-styling
 WARN  It looks like you might be using shared value's .value inside reanimated inline style. If you want a component to update when shared value changes you should use the shared value directly instead of its current state represented by `.value`. See documentation here: https://docs.swmansion.com/react-native-reanimated/docs/fundamentals/glossary/#animations-in-inline-styling
 WARN  It looks like you might be using shared value's .value inside reanimated inline style. If you want a component to update when shared value changes you should use the shared value directly instead of its current state represented by `.value`. See documentation here: https://docs.swmansion.com/react-native-reanimated/docs/fundamentals/glossary/#animations-in-inline-styling
 WARN  It looks like you might be using shared value's .value inside reanimated inline style. If you want a component to update when shared value changes you should use the shared value directly instead of its current state represented by `.value`. See documentation here: https://docs.swmansion.com/react-native-reanimated/docs/fundamentals/glossary/#animations-in-inline-styling
 WARN  It looks like you might be using shared value's .value inside reanimated inline style. If you want a component to update when shared value changes you should use the shared value directly instead of its current state represented by `.value`. See documentation here: https://docs.swmansion.com/react-native-reanimated/docs/fundamentals/glossary/#animations-in-inline-styling
 WARN  It looks like you might be using shared value's .value inside reanimated inline style. If you want a component to update when shared value changes you should use the shared value directly instead of its current state represented by `.value`. See documentation here: https://docs.swmansion.com/react-native-reanimated/docs/fundamentals/glossary/#animations-in-inline-styling
 WARN  It looks like you might be using shared value's .value inside reanimated inline style. If you want a component to update when shared value changes you should use the shared value directly instead of its current state represented by `.value`. See documentation here: https://docs.swmansion.com/react-native-reanimated/docs/fundamentals/glossary/#animations-in-inline-styling
 WARN  It looks like you might be using shared value's .value inside reanimated inline style. If you want a component to update when shared value changes you should use the shared value directly instead of its current state represented by `.value`. See documentation here: https://docs.swmansion.com/react-native-reanimated/docs/fundamentals/glossary/#animations-in-inline-styling
 WARN  It looks like you might be using shared value's .value inside reanimated inline style. If you want a component to update when shared value changes you should use the shared value directly instead of its current state represented by `.value`. See documentation here: https://docs.swmansion.com/react-native-reanimated/docs/fundamentals/glossary/#animations-in-inline-styling
 WARN  It looks like you might be using shared value's .value inside reanimated inline style. If you want a component to update when shared value changes you should use the shared value directly instead of its current state represented by `.value`. See documentation here: https://docs.swmansion.com/react-native-reanimated/docs/fundamentals/glossary/#animations-in-inline-styling
 WARN  It looks like you might be using shared value's .value inside reanimated inline style. If you want a component to update when shared value changes you should use the shared value directly instead of its current state represented by `.value`. See documentation here: https://docs.swmansion.com/react-native-reanimated/docs/fundamentals/glossary/#animations-in-inline-styling
 WARN  It looks like you might be using shared value's .value inside reanimated inline style. If you want a component to update when shared value changes you should use the shared value directly instead of its current state represented by `.value`. See documentation here: https://docs.swmansion.com/react-native-reanimated/docs/fundamentals/glossary/#animations-in-inline-styling
 WARN  It looks like you might be using shared value's .value inside reanimated inline style. If you want a component to update when shared value changes you should use the shared value directly instead of its current state represented by `.value`. See documentation here: https://docs.swmansion.com/react-native-reanimated/docs/fundamentals/glossary/#animations-in-inline-styling
 WARN  It looks like you might be using shared value's .value inside reanimated inline style. If you want a component to update when shared value changes you should use the shared value directly instead of its current state represented by `.value`. See documentation here: https://docs.swmansion.com/react-native-reanimated/docs/fundamentals/glossary/#animations-in-inline-styling
 WARN  It looks like you might be using shared value's .value inside reanimated inline style. If you want a component to update when shared value changes you should use the shared value directly instead of its current state represented by `.value`. See documentation here: https://docs.swmansion.com/react-native-reanimated/docs/fundamentals/glossary/#animations-in-inline-styling
 WARN  It looks like you might be using shared value's .value inside reanimated inline style. If you want a component to update when shared value changes you should use the shared value directly instead of its current state represented by `.value`. See documentation here: https://docs.swmansion.com/react-native-reanimated/docs/fundamentals/glossary/#animations-in-inline-styling
 WARN  It looks like you might be using shared value's .value inside reanimated inline style. If you want a component to update when shared value changes you should use the shared value directly instead of its current state represented by `.value`. See documentation here: https://docs.swmansion.com/react-native-reanimated/docs/fundamentals/glossary/#animations-in-inline-styling
 WARN  It looks like you might be using shared value's .value inside reanimated inline style. If you want a component to update when shared value changes you should use the shared value directly instead of its current state represented by `.value`. See documentation here: https://docs.swmansion.com/react-native-reanimated/docs/fundamentals/glossary/#animations-in-inline-styling
 WARN  It looks like you might be using shared value's .value inside reanimated inline style. If you want a component to update when shared value changes you should use the shared value directly instead of its current state represented by `.value`. See documentation here: https://docs.swmansion.com/react-native-reanimated/docs/fundamentals/glossary/#animations-in-inline-styling
 WARN  It looks like you might be using shared value's .value inside reanimated inline style. If you want a component to update when shared value changes you should use the shared value directly instead of its current state represented by `.value`. See documentation here: https://docs.swmansion.com/react-native-reanimated/docs/fundamentals/glossary/#animations-in-inline-styling
 WARN  It looks like you might be using shared value's .value inside reanimated inline style. If you want a component to update when shared value changes you should use the shared value directly instead of its current state represented by `.value`. See documentation here: https://docs.swmansion.com/react-native-reanimated/docs/fundamentals/glossary/#animations-in-inline-styling
 WARN  It looks like you might be using shared value's .value inside reanimated inline style. If you want a component to update when shared value changes you should use the shared value directly instead of its current state represented by `.value`. See documentation here: https://docs.swmansion.com/react-native-reanimated/docs/fundamentals/glossary/#animations-in-inline-styling
 WARN  It looks like you might be using shared value's .value inside reanimated inline style. If you want a component to update when shared value changes you should use the shared value directly instead of its current state represented by `.value`. See documentation here: https://docs.swmansion.com/react-native-reanimated/docs/fundamentals/glossary/#animations-in-inline-styling
 WARN  It looks like you might be using shared value's .value inside reanimated inline style. If you want a component to update when shared value changes you should use the shared value directly instead of its current state represented by `.value`. See documentation here: https://docs.swmansion.com/react-native-reanimated/docs/fundamentals/glossary/#animations-in-inline-styling
 WARN  It looks like you might be using shared value's .value inside reanimated inline style. If you want a component to update when shared value changes you should use the shared value directly instead of its current state represented by `.value`. See documentation here: https://docs.swmansion.com/react-native-reanimated/docs/fundamentals/glossary/#animations-in-inline-styling
 WARN  It looks like you might be using shared value's .value inside reanimated inline style. If you want a component to update when shared value changes you should use the shared value directly instead of its current state represented by `.value`. See documentation here: https://docs.swmansion.com/react-native-reanimated/docs/fundamentals/glossary/#animations-in-inline-styling
 WARN  It looks like you might be using shared value's .value inside reanimated inline style. If you want a component to update when shared value changes you should use the shared value directly instead of its current state represented by `.value`. See documentation here: https://docs.swmansion.com/react-native-reanimated/docs/fundamentals/glossary/#animations-in-inline-styling
 WARN  It looks like you might be using shared value's .value inside reanimated inline style. If you want a component to update when shared value changes you should use the shared value directly instead of its current state represented by `.value`. See documentation here: https://docs.swmansion.com/react-native-reanimated/docs/fundamentals/glossary/#animations-in-inline-styling
 WARN  It looks like you might be using shared value's .value inside reanimated inline style. If you want a component to update when shared value changes you should use the shared value directly instead of its current state represented by `.value`. See documentation here: https://docs.swmansion.com/react-native-reanimated/docs/fundamentals/glossary/#animations-in-inline-styling
 WARN  It looks like you might be using shared value's .value inside reanimated inline style. If you want a component to update when shared value changes you should use the shared value directly instead of its current state represented by `.value`. See documentation here: https://docs.swmansion.com/react-native-reanimated/docs/fundamentals/glossary/#animations-in-inline-styling
 WARN  It looks like you might be using shared value's .value inside reanimated inline style. If you want a component to update when shared value changes you should use the shared value directly instead of its current state represented by `.value`. See documentation here: https://docs.swmansion.com/react-native-reanimated/docs/fundamentals/glossary/#animations-in-inline-styling
 WARN  It looks like you might be using shared value's .value inside reanimated inline style. If you want a component to update when shared value changes you should use the shared value directly instead of its current state represented by `.value`. See documentation here: https://docs.swmansion.com/react-native-reanimated/docs/fundamentals/glossary/#animations-in-inline-styling
 WARN  It looks like you might be using shared value's .value inside reanimated inline style. If you want a component to update when shared value changes you should use the shared value directly instead of its current state represented by `.value`. See documentation here: https://docs.swmansion.com/react-native-reanimated/docs/fundamentals/glossary/#animations-in-inline-styling
 WARN  It looks like you might be using shared value's .value inside reanimated inline style. If you want a component to update when shared value changes you should use the shared value directly instead of its current state represented by `.value`. See documentation here: https://docs.swmansion.com/react-native-reanimated/docs/fundamentals/glossary/#animations-in-inline-styling
 WARN  It looks like you might be using shared value's .value inside reanimated inline style. If you want a component to update when shared value changes you should use the shared value directly instead of its current state represented by `.value`. See documentation here: https://docs.swmansion.com/react-native-reanimated/docs/fundamentals/glossary/#animations-in-inline-styling
 WARN  It looks like you might be using shared value's .value inside reanimated inline style. If you want a component to update when shared value changes you should use the shared value directly instead of its current state represented by `.value`. See documentation here: https://docs.swmansion.com/react-native-reanimated/docs/fundamentals/glossary/#animations-in-inline-styling
 WARN  It looks like you might be using shared value's .value inside reanimated inline style. If you want a component to update when shared value changes you should use the shared value directly instead of its current state represented by `.value`. See documentation here: https://docs.swmansion.com/react-native-reanimated/docs/fundamentals/glossary/#animations-in-inline-styling
 WARN  It looks like you might be using shared value's .value inside reanimated inline style. If you want a component to update when shared value changes you should use the shared value directly instead of its current state represented by `.value`. See documentation here: https://docs.swmansion.com/react-native-reanimated/docs/fundamentals/glossary/#animations-in-inline-styling
 WARN  It looks like you might be using shared value's .value inside reanimated inline style. If you want a component to update when shared value changes you should use the shared value directly instead of its current state represented by `.value`. See documentation here: https://docs.swmansion.com/react-native-reanimated/docs/fundamentals/glossary/#animations-in-inline-styling
 WARN  It looks like you might be using shared value's .value inside reanimated inline style. If you want a component to update when shared value changes you should use the shared value directly instead of its current state represented by `.value`. See documentation here: https://docs.swmansion.com/react-native-reanimated/docs/fundamentals/glossary/#animations-in-inline-styling
 WARN  It looks like you might be using shared value's .value inside reanimated inline style. If you want a component to update when shared value changes you should use the shared value directly instead of its current state represented by `.value`. See documentation here: https://docs.swmansion.com/react-native-reanimated/docs/fundamentals/glossary/#animations-in-inline-styling
 WARN  It looks like you might be using shared value's .value inside reanimated inline style. If you want a component to update when shared value changes you should use the shared value directly instead of its current state represented by `.value`. See documentation here: https://docs.swmansion.com/react-native-reanimated/docs/fundamentals/glossary/#animations-in-inline-styling
 WARN  It looks like you might be using shared value's .value inside reanimated inline style. If you want a component to update when shared value changes you should use the shared value directly instead of its current state represented by `.value`. See documentation here: https://docs.swmansion.com/react-native-reanimated/docs/fundamentals/glossary/#animations-in-inline-styling
 WARN  It looks like you might be using shared value's .value inside reanimated inline style. If you want a component to update when shared value changes you should use the shared value directly instead of its current state represented by `.value`. See documentation here: https://docs.swmansion.com/react-native-reanimated/docs/fundamentals/glossary/#animations-in-inline-styling
 WARN  It looks like you might be using shared value's .value inside reanimated inline style. If you want a component to update when shared value changes you should use the shared value directly instead of its current state represented by `.value`. See documentation here: https://docs.swmansion.com/react-native-reanimated/docs/fundamentals/glossary/#animations-in-inline-styling
 WARN  It looks like you might be using shared value's .value inside reanimated inline style. If you want a component to update when shared value changes you should use the shared value directly instead of its current state represented by `.value`. See documentation here: https://docs.swmansion.com/react-native-reanimated/docs/fundamentals/glossary/#animations-in-inline-styling
 WARN  It looks like you might be using shared value's .value inside reanimated inline style. If you want a component to update when shared value changes you should use the shared value directly instead of its current state represented by `.value`. See documentation here: https://docs.swmansion.com/react-native-reanimated/docs/fundamentals/glossary/#animations-in-inline-styling
 WARN  It looks like you might be using shared value's .value inside reanimated inline style. If you want a component to update when shared value changes you should use the shared value directly instead of its current state represented by `.value`. See documentation here: https://docs.swmansion.com/react-native-reanimated/docs/fundamentals/glossary/#animations-in-inline-styling
 WARN  It looks like you might be using shared value's .value inside reanimated inline style. If you want a component to update when shared value changes you should use the shared value directly instead of its current state represented by `.value`. See documentation here: https://docs.swmansion.com/react-native-reanimated/docs/fundamentals/glossary/#animations-in-inline-styling
 WARN  It looks like you might be using shared value's .value inside reanimated inline style. If you want a component to update when shared value changes you should use the shared value directly instead of its current state represented by `.value`. See documentation here: https://docs.swmansion.com/react-native-reanimated/docs/fundamentals/glossary/#animations-in-inline-styling
 WARN  It looks like you might be using shared value's .value inside reanimated inline style. If you want a component to update when shared value changes you should use the shared value directly instead of its current state represented by `.value`. See documentation here: https://docs.swmansion.com/react-native-reanimated/docs/fundamentals/glossary/#animations-in-inline-styling
 WARN  It looks like you might be using shared value's .value inside reanimated inline style. If you want a component to update when shared value changes you should use the shared value directly instead of its current state represented by `.value`. See documentation here: https://docs.swmansion.com/react-native-reanimated/docs/fundamentals/glossary/#animations-in-inline-styling
 WARN  It looks like you might be using shared value's .value inside reanimated inline style. If you want a component to update when shared value changes you should use the shared value directly instead of its current state represented by `.value`. See documentation here: https://docs.swmansion.com/react-native-reanimated/docs/fundamentals/glossary/#animations-in-inline-styling
 WARN  It looks like you might be using shared value's .value inside reanimated inline style. If you want a component to update when shared value changes you should use the shared value directly instead of its current state represented by `.value`. See documentation here: https://docs.swmansion.com/react-native-reanimated/docs/fundamentals/glossary/#animations-in-inline-styling
 WARN  It looks like you might be using shared value's .value inside reanimated inline style. If you want a component to update when shared value changes you should use the shared value directly instead of its current state represented by `.value`. See documentation here: https://docs.swmansion.com/react-native-reanimated/docs/fundamentals/glossary/#animations-in-inline-styling
 WARN  It looks like you might be using shared value's .value inside reanimated inline style. If you want a component to update when shared value changes you should use the shared value directly instead of its current state represented by `.value`. See documentation here: https://docs.swmansion.com/react-native-reanimated/docs/fundamentals/glossary/#animations-in-inline-styling
 WARN  It looks like you might be using shared value's .value inside reanimated inline style. If you want a component to update when shared value changes you should use the shared value directly instead of its current state represented by `.value`. See documentation here: https://docs.swmansion.com/react-native-reanimated/docs/fundamentals/glossary/#animations-in-inline-styling
 WARN  It looks like you might be using shared value's .value inside reanimated inline style. If you want a component to update when shared value changes you should use the shared value directly instead of its current state represented by `.value`. See documentation here: https://docs.swmansion.com/react-native-reanimated/docs/fundamentals/glossary/#animations-in-inline-styling
 WARN  It looks like you might be using shared value's .value inside reanimated inline style. If you want a component to update when shared value changes you should use the shared value directly instead of its current state represented by `.value`. See documentation here: https://docs.swmansion.com/react-native-reanimated/docs/fundamentals/glossary/#animations-in-inline-styling
 WARN  It looks like you might be using shared value's .value inside reanimated inline style. If you want a component to update when shared value changes you should use the shared value directly instead of its current state represented by `.value`. See documentation here: https://docs.swmansion.com/react-native-reanimated/docs/fundamentals/glossary/#animations-in-inline-styling
 WARN  It looks like you might be using shared value's .value inside reanimated inline style. If you want a component to update when shared value changes you should use the shared value directly instead of its current state represented by `.value`. See documentation here: https://docs.swmansion.com/react-native-reanimated/docs/fundamentals/glossary/#animations-in-inline-styling
 WARN  It looks like you might be using shared value's .value inside reanimated inline style. If you want a component to update when shared value changes you should use the shared value directly instead of its current state represented by `.value`. See documentation here: https://docs.swmansion.com/react-native-reanimated/docs/fundamentals/glossary/#animations-in-inline-styling
 WARN  It looks like you might be using shared value's .value inside reanimated inline style. If you want a component to update when shared value changes you should use the shared value directly instead of its current state represented by `.value`. See documentation here: https://docs.swmansion.com/react-native-reanimated/docs/fundamentals/glossary/#animations-in-inline-styling
 WARN  It looks like you might be using shared value's .value inside reanimated inline style. If you want a component to update when shared value changes you should use the shared value directly instead of its current state represented by `.value`. See documentation here: https://docs.swmansion.com/react-native-reanimated/docs/fundamentals/glossary/#animations-in-inline-styling
 WARN  It looks like you might be using shared value's .value inside reanimated inline style. If you want a component to update when shared value changes you should use the shared value directly instead of its current state represented by `.value`. See documentation here: https://docs.swmansion.com/react-native-reanimated/docs/fundamentals/glossary/#animations-in-inline-styling
 WARN  It looks like you might be using shared value's .value inside reanimated inline style. If you want a component to update when shared value changes you should use the shared value directly instead of its current state represented by `.value`. See documentation here: https://docs.swmansion.com/react-native-reanimated/docs/fundamentals/glossary/#animations-in-inline-styling
 WARN  It looks like you might be using shared value's .value inside reanimated inline style. If you want a component to update when shared value changes you should use the shared value directly instead of its current state represented by `.value`. See documentation here: https://docs.swmansion.com/react-native-reanimated/docs/fundamentals/glossary/#animations-in-inline-styling
 WARN  It looks like you might be using shared value's .value inside reanimated inline style. If you want a component to update when shared value changes you should use the shared value directly instead of its current state represented by `.value`. See documentation here: https://docs.swmansion.com/react-native-reanimated/docs/fundamentals/glossary/#animations-in-inline-styling
 WARN  It looks like you might be using shared value's .value inside reanimated inline style. If you want a component to update when shared value changes you should use the shared value directly instead of its current state represented by `.value`. See documentation here: https://docs.swmansion.com/react-native-reanimated/docs/fundamentals/glossary/#animations-in-inline-styling
 WARN  It looks like you might be using shared value's .value inside reanimated inline style. If you want a component to update when shared value changes you should use the shared value directly instead of its current state represented by `.value`. See documentation here: https://docs.swmansion.com/react-native-reanimated/docs/fundamentals/glossary/#animations-in-inline-styling
 WARN  It looks like you might be using shared value's .value inside reanimated inline style. If you want a component to update when shared value changes you should use the shared value directly instead of its current state represented by `.value`. See documentation here: https://docs.swmansion.com/react-native-reanimated/docs/fundamentals/glossary/#animations-in-inline-styling
 WARN  It looks like you might be using shared value's .value inside reanimated inline style. If you want a component to update when shared value changes you should use the shared value directly instead of its current state represented by `.value`. See documentation here: https://docs.swmansion.com/react-native-reanimated/docs/fundamentals/glossary/#animations-in-inline-styling
 WARN  It looks like you might be using shared value's .value inside reanimated inline style. If you want a component to update when shared value changes you should use the shared value directly instead of its current state represented by `.value`. See documentation here: https://docs.swmansion.com/react-native-reanimated/docs/fundamentals/glossary/#animations-in-inline-styling
 WARN  It looks like you might be using shared value's .value inside reanimated inline style. If you want a component to update when shared value changes you should use the shared value directly instead of its current state represented by `.value`. See documentation here: https://docs.swmansion.com/react-native-reanimated/docs/fundamentals/glossary/#animations-in-inline-styling
 WARN  It looks like you might be using shared value's .value inside reanimated inline style. If you want a component to update when shared value changes you should use the shared value directly instead of its current state represented by `.value`. See documentation here: https://docs.swmansion.com/react-native-reanimated/docs/fundamentals/glossary/#animations-in-inline-styling
 WARN  It looks like you might be using shared value's .value inside reanimated inline style. If you want a component to update when shared value changes you should use the shared value directly instead of its current state represented by `.value`. See documentation here: https://docs.swmansion.com/react-native-reanimated/docs/fundamentals/glossary/#animations-in-inline-styling
 WARN  It looks like you might be using shared value's .value inside reanimated inline style. If you want a component to update when shared value changes you should use the shared value directly instead of its current state represented by `.value`. See documentation here: https://docs.swmansion.com/react-native-reanimated/docs/fundamentals/glossary/#animations-in-inline-styling
 WARN  It looks like you might be using shared value's .value inside reanimated inline style. If you want a component to update when shared value changes you should use the shared value directly instead of its current state represented by `.value`. See documentation here: https://docs.swmansion.com/react-native-reanimated/docs/fundamentals/glossary/#animations-in-inline-styling
 WARN  It looks like you might be using shared value's .value inside reanimated inline style. If you want a component to update when shared value changes you should use the shared value directly instead of its current state represented by `.value`. See documentation here: https://docs.swmansion.com/react-native-reanimated/docs/fundamentals/glossary/#animations-in-inline-styling
 WARN  It looks like you might be using shared value's .value inside reanimated inline style. If you want a component to update when shared value changes you should use the shared value directly instead of its current state represented by `.value`. See documentation here: https://docs.swmansion.com/react-native-reanimated/docs/fundamentals/glossary/#animations-in-inline-styling
 WARN  It looks like you might be using shared value's .value inside reanimated inline style. If you want a component to update when shared value changes you should use the shared value directly instead of its current state represented by `.value`. See documentation here: https://docs.swmansion.com/react-native-reanimated/docs/fundamentals/glossary/#animations-in-inline-styling
 WARN  It looks like you might be using shared value's .value inside reanimated inline style. If you want a component to update when shared value changes you should use the shared value directly instead of its current state represented by `.value`. See documentation here: https://docs.swmansion.com/react-native-reanimated/docs/fundamentals/glossary/#animations-in-inline-styling
 WARN  It looks like you might be using shared value's .value inside reanimated inline style. If you want a component to update when shared value changes you should use the shared value directly instead of its current state represented by `.value`. See documentation here: https://docs.swmansion.com/react-native-reanimated/docs/fundamentals/glossary/#animations-in-inline-styling
 WARN  It looks like you might be using shared value's .value inside reanimated inline style. If you want a component to update when shared value changes you should use the shared value directly instead of its current state represented by `.value`. See documentation here: https://docs.swmansion.com/react-native-reanimated/docs/fundamentals/glossary/#animations-in-inline-styling
 WARN  It looks like you might be using shared value's .value inside reanimated inline style. If you want a component to update when shared value changes you should use the shared value directly instead of its current state represented by `.value`. See documentation here: https://docs.swmansion.com/react-native-reanimated/docs/fundamentals/glossary/#animations-in-inline-styling
 WARN  It looks like you might be using shared value's .value inside reanimated inline style. If you want a component to update when shared value changes you should use the shared value directly instead of its current state represented by `.value`. See documentation here: https://docs.swmansion.com/react-native-reanimated/docs/fundamentals/glossary/#animations-in-inline-styling
 WARN  It looks like you might be using shared value's .value inside reanimated inline style. If you want a component to update when shared value changes you should use the shared value directly instead of its current state represented by `.value`. See documentation here: https://docs.swmansion.com/react-native-reanimated/docs/fundamentals/glossary/#animations-in-inline-styling
 WARN  It looks like you might be using shared value's .value inside reanimated inline style. If you want a component to update when shared value changes you should use the shared value directly instead of its current state represented by `.value`. See documentation here: https://docs.swmansion.com/react-native-reanimated/docs/fundamentals/glossary/#animations-in-inline-styling
 WARN  It looks like you might be using shared value's .value inside reanimated inline style. If you want a component to update when shared value changes you should use the shared value directly instead of its current state represented by `.value`. See documentation here: https://docs.swmansion.com/react-native-reanimated/docs/fundamentals/glossary/#animations-in-inline-styling
 WARN  It looks like you might be using shared value's .value inside reanimated inline style. If you want a component to update when shared value changes you should use the shared value directly instead of its current state represented by `.value`. See documentation here: https://docs.swmansion.com/react-native-reanimated/docs/fundamentals/glossary/#animations-in-inline-styling
 WARN  It looks like you might be using shared value's .value inside reanimated inline style. If you want a component to update when shared value changes you should use the shared value directly instead of its current state represented by `.value`. See documentation here: https://docs.swmansion.com/react-native-reanimated/docs/fundamentals/glossary/#animations-in-inline-styling
 WARN  It looks like you might be using shared value's .value inside reanimated inline style. If you want a component to update when shared value changes you should use the shared value directly instead of its current state represented by `.value`. See documentation here: https://docs.swmansion.com/react-native-reanimated/docs/fundamentals/glossary/#animations-in-inline-styling
 WARN  It looks like you might be using shared value's .value inside reanimated inline style. If you want a component to update when shared value changes you should use the shared value directly instead of its current state represented by `.value`. See documentation here: https://docs.swmansion.com/react-native-reanimated/docs/fundamentals/glossary/#animations-in-inline-styling
 WARN  It looks like you might be using shared value's .value inside reanimated inline style. If you want a component to update when shared value changes you should use the shared value directly instead of its current state represented by `.value`. See documentation here: https://docs.swmansion.com/react-native-reanimated/docs/fundamentals/glossary/#animations-in-inline-styling
 WARN  It looks like you might be using shared value's .value inside reanimated inline style. If you want a component to update when shared value changes you should use the shared value directly instead of its current state represented by `.value`. See documentation here: https://docs.swmansion.com/react-native-reanimated/docs/fundamentals/glossary/#animations-in-inline-styling
 WARN  It looks like you might be using shared value's .value inside reanimated inline style. If you want a component to update when shared value changes you should use the shared value directly instead of its current state represented by `.value`. See documentation here: https://docs.swmansion.com/react-native-reanimated/docs/fundamentals/glossary/#animations-in-inline-styling
 WARN  It looks like you might be using shared value's .value inside reanimated inline style. If you want a component to update when shared value changes you should use the shared value directly instead of its current state represented by `.value`. See documentation here: https://docs.swmansion.com/react-native-reanimated/docs/fundamentals/glossary/#animations-in-inline-styling
 WARN  It looks like you might be using shared value's .value inside reanimated inline style. If you want a component to update when shared value changes you should use the shared value directly instead of its current state represented by `.value`. See documentation here: https://docs.swmansion.com/react-native-reanimated/docs/fundamentals/glossary/#animations-in-inline-styling
 WARN  It looks like you might be using shared value's .value inside reanimated inline style. If you want a component to update when shared value changes you should use the shared value directly instead of its current state represented by `.value`. See documentation here: https://docs.swmansion.com/react-native-reanimated/docs/fundamentals/glossary/#animations-in-inline-styling
 WARN  It looks like you might be using shared value's .value inside reanimated inline style. If you want a component to update when shared value changes you should use the shared value directly instead of its current state represented by `.value`. See documentation here: https://docs.swmansion.com/react-native-reanimated/docs/fundamentals/glossary/#animations-in-inline-styling
 WARN  It looks like you might be using shared value's .value inside reanimated inline style. If you want a component to update when shared value changes you should use the shared value directly instead of its current state represented by `.value`. See documentation here: https://docs.swmansion.com/react-native-reanimated/docs/fundamentals/glossary/#animations-in-inline-styling
 WARN  [Profile] Failed to load provider status: [ApiError: Unknown error]
 LOG  [Auth] SoundCloud redirectUri: http://192.168.1.4:5000/api/auth/soundcloud/callback
 LOG  [Auth] SoundCloud sessionReturnUrl: frequenc://
 WARN  It looks like you might be using shared value's .value inside reanimated inline style. If you want a component to update when shared value changes you should use the shared value directly instead of its current state represented by `.value`. See documentation here: https://docs.swmansion.com/react-native-reanimated/docs/fundamentals/glossary/#animations-in-inline-styling
 WARN  [Forecast] AI service not configured
 WARN  It looks like you might be using shared value's .value inside reanimated inline style. If you want a component to update when shared value changes you should use the shared value directly instead of its current state represented by `.value`. See documentation here: https://docs.swmansion.com/react-native-reanimated/docs/fundamentals/glossary/#animations-in-inline-styling
 WARN  It looks like you might be using shared value's .value inside reanimated inline style. If you want a component to update when shared value changes you should use the shared value directly instead of its current state represented by `.value`. See documentation here: https://docs.swmansion.com/react-native-reanimated/docs/fundamentals/glossary/#animations-in-inline-styling
 WARN  It looks like you might be using shared value's .value inside reanimated inline style. If you want a component to update when shared value changes you should use the shared value directly instead of its current state represented by `.value`. See documentation here: https://docs.swmansion.com/react-native-reanimated/docs/fundamentals/glossary/#animations-in-inline-styling
 WARN  It looks like you might be using shared value's .value inside reanimated inline style. If you want a component to update when shared value changes you should use the shared value directly instead of its current state represented by `.value`. See documentation here: https://docs.swmansion.com/react-native-reanimated/docs/fundamentals/glossary/#animations-in-inline-styling
 WARN  [Profile] Failed to load provider status: [ApiError: Unknown error]
 WARN  [Profile] Failed to load provider status: [ApiError: Unknown error]
 LOG  [Auth] Spotify redirectUri: frequenc://
 LOG  [Auth] Auth runtime: standalone
 WARN  It looks like you might be using shared value's .value inside reanimated inline style. If you want a component to update when shared value changes you should use the shared value directly instead of its current state represented by `.value`. See documentation here: https://docs.swmansion.com/react-native-reanimated/docs/fundamentals/glossary/#animations-in-inline-styling
 WARN  It looks like you might be using shared value's .value inside reanimated inline style. If you want a component to update when shared value changes you should use the shared value directly instead of its current state represented by `.value`. See documentation here: https://docs.swmansion.com/react-native-reanimated/docs/fundamentals/glossary/#animations-in-inline-styling
 WARN  It looks like you might be using shared value's .value inside reanimated inline style. If you want a component to update when shared value changes you should use the shared value directly instead of its current state represented by `.value`. See documentation here: https://docs.swmansion.com/react-native-reanimated/docs/fundamentals/glossary/#animations-in-inline-styling
 WARN  It looks like you might be using shared value's .value inside reanimated inline style. If you want a component to update when shared value changes you should use the shared value directly instead of its current state represented by `.value`. See documentation here: https://docs.swmansion.com/react-native-reanimated/docs/fundamentals/glossary/#animations-in-inline-styling
 LOG  [Auth] Last.fm redirectUri: frequenc://
 WARN  It looks like you might be using shared value's .value inside reanimated inline style. If you want a component to update when shared value changes you should use the shared value directly instead of its current state represented by `.value`. See documentation here: https://docs.swmansion.com/react-native-reanimated/docs/fundamentals/glossary/#animations-in-inline-styling
 WARN  [Forecast] AI service not configured
 WARN  It looks like you might be using shared value's .value inside reanimated inline style. If you want a component to update when shared value changes you should use the shared value directly instead of its current state represented by `.value`. See documentation here: https://docs.swmansion.com/react-native-reanimated/docs/fundamentals/glossary/#animations-in-inline-styling
 WARN  It looks like you might be using shared value's .value inside reanimated inline style. If you want a component to update when shared value changes you should use the shared value directly instead of its current state represented by `.value`. See documentation here: https://docs.swmansion.com/react-native-reanimated/docs/fundamentals/glossary/#animations-in-inline-styling
 WARN  It looks like you might be using shared value's .value inside reanimated inline style. If you want a component to update when shared value changes you should use the shared value directly instead of its current state represented by `.value`. See documentation here: https://docs.swmansion.com/react-native-reanimated/docs/fundamentals/glossary/#animations-in-inline-styling
 WARN  It looks like you might be using shared value's .value inside reanimated inline style. If you want a component to update when shared value changes you should use the shared value directly instead of its current state represented by `.value`. See documentation here: https://docs.swmansion.com/react-native-reanimated/docs/fundamentals/glossary/#animations-in-inline-styling
 WARN  It looks like you might be using shared value's .value inside reanimated inline style. If you want a component to update when shared value changes you should use the shared value directly instead of its current state represented by `.value`. See documentation here: https://docs.swmansion.com/react-native-reanimated/docs/fundamentals/glossary/#animations-in-inline-styling
 WARN  It looks like you might be using shared value's .value inside reanimated inline style. If you want a component to update when shared value changes you should use the shared value directly instead of its current state represented by `.value`. See documentation here: https://docs.swmansion.com/react-native-reanimated/docs/fundamentals/glossary/#animations-in-inline-styling
 WARN  [Profile] Failed to load provider status: [ApiError: Unknown error]
 LOG  [Auth] Tidal redirectUri: frequenc://
 LOG  [Auth] Auth runtime: standalone
 WARN  It looks like you might be using shared value's .value inside reanimated inline style. If you want a component to update when shared value changes you should use the shared value directly instead of its current state represented by `.value`. See documentation here: https://docs.swmansion.com/react-native-reanimated/docs/fundamentals/glossary/#animations-in-inline-styling
 WARN  It looks like you might be using shared value's .value inside reanimated inline style. If you want a component to update when shared value changes you should use the shared value directly instead of its current state represented by `.value`. See documentation here: https://docs.swmansion.com/react-native-reanimated/docs/fundamentals/glossary/#animations-in-inline-styling
 WARN  It looks like you might be using shared value's .value inside reanimated inline style. If you want a component to update when shared value changes you should use the shared value directly instead of its current state represented by `.value`. See documentation here: https://docs.swmansion.com/react-native-reanimated/docs/fundamentals/glossary/#animations-in-inline-styling
 WARN  It looks like you might be using shared value's .value inside reanimated inline style. If you want a component to update when shared value changes you should use the shared value directly instead of its current state represented by `.value`. See documentation here: https://docs.swmansion.com/react-native-reanimated/docs/fundamentals/glossary/#animations-in-inline-styling
 WARN  It looks like you might be using shared value's .value inside reanimated inline style. If you want a component to update when shared value changes you should use the shared value directly instead of its current state represented by `.value`. See documentation here: https://docs.swmansion.com/react-native-reanimated/docs/fundamentals/glossary/#animations-in-inline-styling
 WARN  It looks like you might be using shared value's .value inside reanimated inline style. If you want a component to update when shared value changes you should use the shared value directly instead of its current state represented by `.value`. See documentation here: https://docs.swmansion.com/react-native-reanimated/docs/fundamentals/glossary/#animations-in-inline-styling
 WARN  It looks like you might be using shared value's .value inside reanimated inline style. If you want a component to update when shared value changes you should use the shared value directly instead of its current state represented by `.value`. See documentation here: https://docs.swmansion.com/react-native-reanimated/docs/fundamentals/glossary/#animations-in-inline-styling
 WARN  It looks like you might be using shared value's .value inside reanimated inline style. If you want a component to update when shared value changes you should use the shared value directly instead of its current state represented by `.value`. See documentation here: https://docs.swmansion.com/react-native-reanimated/docs/fundamentals/glossary/#animations-in-inline-styling
 WARN  It looks like you might be using shared value's .value inside reanimated inline style. If you want a component to update when shared value changes you should use the shared value directly instead of its current state represented by `.value`. See documentation here: https://docs.swmansion.com/react-native-reanimated/docs/fundamentals/glossary/#animations-in-inline-styling
 WARN  It looks like you might be using shared value's .value inside reanimated inline style. If you want a component to update when shared value changes you should use the shared value directly instead of its current state represented by `.value`. See documentation here: https://docs.swmansion.com/react-native-reanimated/docs/fundamentals/glossary/#animations-in-inline-styling
 WARN  It looks like you might be using shared value's .value inside reanimated inline style. If you want a component to update when shared value changes you should use the shared value directly instead of its current state represented by `.value`. See documentation here: https://docs.swmansion.com/react-native-reanimated/docs/fundamentals/glossary/#animations-in-inline-styling
 WARN  It looks like you might be using shared value's .value inside reanimated inline style. If you want a component to update when shared value changes you should use the shared value directly instead of its current state represented by `.value`. See documentation here: https://docs.swmansion.com/react-native-reanimated/docs/fundamentals/glossary/#animations-in-inline-styling
 WARN  It looks like you might be using shared value's .value inside reanimated inline style. If you want a component to update when shared value changes you should use the shared value directly instead of its current state represented by `.value`. See documentation here: https://docs.swmansion.com/react-native-reanimated/docs/fundamentals/glossary/#animations-in-inline-styling
 WARN  It looks like you might be using shared value's .value inside reanimated inline style. If you want a component to update when shared value changes you should use the shared value directly instead of its current state represented by `.value`. See documentation here: https://docs.swmansion.com/react-native-reanimated/docs/fundamentals/glossary/#animations-in-inline-styling
 WARN  It looks like you might be using shared value's .value inside reanimated inline style. If you want a component to update when shared value changes you should use the shared value directly instead of its current state represented by `.value`. See documentation here: https://docs.swmansion.com/react-native-reanimated/docs/fundamentals/glossary/#animations-in-inline-styling
 WARN  It looks like you might be using shared value's .value inside reanimated inline style. If you want a component to update when shared value changes you should use the shared value directly instead of its current state represented by `.value`. See documentation here: https://docs.swmansion.com/react-native-reanimated/docs/fundamentals/glossary/#animations-in-inline-styling
 WARN  It looks like you might be using shared value's .value inside reanimated inline style. If you want a component to update when shared value changes you should use the shared value directly instead of its current state represented by `.value`. See documentation here: https://docs.swmansion.com/react-native-reanimated/docs/fundamentals/glossary/#animations-in-inline-styling
 WARN  It looks like you might be using shared value's .value inside reanimated inline style. If you want a component to update when shared value changes you should use the shared value directly instead of its current state represented by `.value`. See documentation here: https://docs.swmansion.com/react-native-reanimated/docs/fundamentals/glossary/#animations-in-inline-styling
 WARN  It looks like you might be using shared value's .value inside reanimated inline style. If you want a component to update when shared value changes you should use the shared value directly instead of its current state represented by `.value`. See documentation here: https://docs.swmansion.com/react-native-reanimated/docs/fundamentals/glossary/#animations-in-inline-styling
 WARN  It looks like you might be using shared value's .value inside reanimated inline style. If you want a component to update when shared value changes you should use the shared value directly instead of its current state represented by `.value`. See documentation here: https://docs.swmansion.com/react-native-reanimated/docs/fundamentals/glossary/#animations-in-inline-styling
 WARN  It looks like you might be using shared value's .value inside reanimated inline style. If you want a component to update when shared value changes you should use the shared value directly instead of its current state represented by `.value`. See documentation here: https://docs.swmansion.com/react-native-reanimated/docs/fundamentals/glossary/#animations-in-inline-styling
 WARN  It looks like you might be using shared value's .value inside reanimated inline style. If you want a component to update when shared value changes you should use the shared value directly instead of its current state represented by `.value`. See documentation here: https://docs.swmansion.com/react-native-reanimated/docs/fundamentals/glossary/#animations-in-inline-styling
 WARN  It looks like you might be using shared value's .value inside reanimated inline style. If you want a component to update when shared value changes you should use the shared value directly instead of its current state represented by `.value`. See documentation here: https://docs.swmansion.com/react-native-reanimated/docs/fundamentals/glossary/#animations-in-inline-styling
 WARN  It looks like you might be using shared value's .value inside reanimated inline style. If you want a component to update when shared value changes you should use the shared value directly instead of its current state represented by `.value`. See documentation here: https://docs.swmansion.com/react-native-reanimated/docs/fundamentals/glossary/#animations-in-inline-styling
 WARN  It looks like you might be using shared value's .value inside reanimated inline style. If you want a component to update when shared value changes you should use the shared value directly instead of its current state represented by `.value`. See documentation here: https://docs.swmansion.com/react-native-reanimated/docs/fundamentals/glossary/#animations-in-inline-styling
 WARN  It looks like you might be using shared value's .value inside reanimated inline style. If you want a component to update when shared value changes you should use the shared value directly instead of its current state represented by `.value`. See documentation here: https://docs.swmansion.com/react-native-reanimated/docs/fundamentals/glossary/#animations-in-inline-styling
 WARN  It looks like you might be using shared value's .value inside reanimated inline style. If you want a component to update when shared value changes you should use the shared value directly instead of its current state represented by `.value`. See documentation here: https://docs.swmansion.com/react-native-reanimated/docs/fundamentals/glossary/#animations-in-inline-styling
 WARN  It looks like you might be using shared value's .value inside reanimated inline style. If you want a component to update when shared value changes you should use the shared value directly instead of its current state represented by `.value`. See documentation here: https://docs.swmansion.com/react-native-reanimated/docs/fundamentals/glossary/#animations-in-inline-styling
 WARN  It looks like you might be using shared value's .value inside reanimated inline style. If you want a component to update when shared value changes you should use the shared value directly instead of its current state represented by `.value`. See documentation here: https://docs.swmansion.com/react-native-reanimated/docs/fundamentals/glossary/#animations-in-inline-styling
 WARN  It looks like you might be using shared value's .value inside reanimated inline style. If you want a component to update when shared value changes you should use the shared value directly instead of its current state represented by `.value`. See documentation here: https://docs.swmansion.com/react-native-reanimated/docs/fundamentals/glossary/#animations-in-inline-styling
 WARN  It looks like you might be using shared value's .value inside reanimated inline style. If you want a component to update when shared value changes you should use the shared value directly instead of its current state represented by `.value`. See documentation here: https://docs.swmansion.com/react-native-reanimated/docs/fundamentals/glossary/#animations-in-inline-styling
 WARN  It looks like you might be using shared value's .value inside reanimated inline style. If you want a component to update when shared value changes you should use the shared value directly instead of its current state represented by `.value`. See documentation here: https://docs.swmansion.com/react-native-reanimated/docs/fundamentals/glossary/#animations-in-inline-styling
 WARN  It looks like you might be using shared value's .value inside reanimated inline style. If you want a component to update when shared value changes you should use the shared value directly instead of its current state represented by `.value`. See documentation here: https://docs.swmansion.com/react-native-reanimated/docs/fundamentals/glossary/#animations-in-inline-styling
 WARN  It looks like you might be using shared value's .value inside reanimated inline style. If you want a component to update when shared value changes you should use the shared value directly instead of its current state represented by `.value`. See documentation here: https://docs.swmansion.com/react-native-reanimated/docs/fundamentals/glossary/#animations-in-inline-styling
 WARN  It looks like you might be using shared value's .value inside reanimated inline style. If you want a component to update when shared value changes you should use the shared value directly instead of its current state represented by `.value`. See documentation here: https://docs.swmansion.com/react-native-reanimated/docs/fundamentals/glossary/#animations-in-inline-styling
 WARN  It looks like you might be using shared value's .value inside reanimated inline style. If you want a component to update when shared value changes you should use the shared value directly instead of its current state represented by `.value`. See documentation here: https://docs.swmansion.com/react-native-reanimated/docs/fundamentals/glossary/#animations-in-inline-styling
 WARN  It looks like you might be using shared value's .value inside reanimated inline style. If you want a component to update when shared value changes you should use the shared value directly instead of its current state represented by `.value`. See documentation here: https://docs.swmansion.com/react-native-reanimated/docs/fundamentals/glossary/#animations-in-inline-styling
 WARN  It looks like you might be using shared value's .value inside reanimated inline style. If you want a component to update when shared value changes you should use the shared value directly instead of its current state represented by `.value`. See documentation here: https://docs.swmansion.com/react-native-reanimated/docs/fundamentals/glossary/#animations-in-inline-styling
 WARN  It looks like you might be using shared value's .value inside reanimated inline style. If you want a component to update when shared value changes you should use the shared value directly instead of its current state represented by `.value`. See documentation here: https://docs.swmansion.com/react-native-reanimated/docs/fundamentals/glossary/#animations-in-inline-styling
 WARN  It looks like you might be using shared value's .value inside reanimated inline style. If you want a component to update when shared value changes you should use the shared value directly instead of its current state represented by `.value`. See documentation here: https://docs.swmansion.com/react-native-reanimated/docs/fundamentals/glossary/#animations-in-inline-styling
 WARN  It looks like you might be using shared value's .value inside reanimated inline style. If you want a component to update when shared value changes you should use the shared value directly instead of its current state represented by `.value`. See documentation here: https://docs.swmansion.com/react-native-reanimated/docs/fundamentals/glossary/#animations-in-inline-styling
 WARN  It looks like you might be using shared value's .value inside reanimated inline style. If you want a component to update when shared value changes you should use the shared value directly instead of its current state represented by `.value`. See documentation here: https://docs.swmansion.com/react-native-reanimated/docs/fundamentals/glossary/#animations-in-inline-styling
 WARN  It looks like you might be using shared value's .value inside reanimated inline style. If you want a component to update when shared value changes you should use the shared value directly instead of its current state represented by `.value`. See documentation here: https://docs.swmansion.com/react-native-reanimated/docs/fundamentals/glossary/#animations-in-inline-styling
 WARN  It looks like you might be using shared value's .value inside reanimated inline style. If you want a component to update when shared value changes you should use the shared value directly instead of its current state represented by `.value`. See documentation here: https://docs.swmansion.com/react-native-reanimated/docs/fundamentals/glossary/#animations-in-inline-styling
 WARN  It looks like you might be using shared value's .value inside reanimated inline style. If you want a component to update when shared value changes you should use the shared value directly instead of its current state represented by `.value`. See documentation here: https://docs.swmansion.com/react-native-reanimated/docs/fundamentals/glossary/#animations-in-inline-styling
 WARN  It looks like you might be using shared value's .value inside reanimated inline style. If you want a component to update when shared value changes you should use the shared value directly instead of its current state represented by `.value`. See documentation here: https://docs.swmansion.com/react-native-reanimated/docs/fundamentals/glossary/#animations-in-inline-styling
 WARN  It looks like you might be using shared value's .value inside reanimated inline style. If you want a component to update when shared value changes you should use the shared value directly instead of its current state represented by `.value`. See documentation here: https://docs.swmansion.com/react-native-reanimated/docs/fundamentals/glossary/#animations-in-inline-styling
 WARN  It looks like you might be using shared value's .value inside reanimated inline style. If you want a component to update when shared value changes you should use the shared value directly instead of its current state represented by `.value`. See documentation here: https://docs.swmansion.com/react-native-reanimated/docs/fundamentals/glossary/#animations-in-inline-styling
 WARN  It looks like you might be using shared value's .value inside reanimated inline style. If you want a component to update when shared value changes you should use the shared value directly instead of its current state represented by `.value`. See documentation here: https://docs.swmansion.com/react-native-reanimated/docs/fundamentals/glossary/#animations-in-inline-styling
 WARN  It looks like you might be using shared value's .value inside reanimated inline style. If you want a component to update when shared value changes you should use the shared value directly instead of its current state represented by `.value`. See documentation here: https://docs.swmansion.com/react-native-reanimated/docs/fundamentals/glossary/#animations-in-inline-styling
 WARN  It looks like you might be using shared value's .value inside reanimated inline style. If you want a component to update when shared value changes you should use the shared value directly instead of its current state represented by `.value`. See documentation here: https://docs.swmansion.com/react-native-reanimated/docs/fundamentals/glossary/#animations-in-inline-styling
 WARN  It looks like you might be using shared value's .value inside reanimated inline style. If you want a component to update when shared value changes you should use the shared value directly instead of its current state represented by `.value`. See documentation here: https://docs.swmansion.com/react-native-reanimated/docs/fundamentals/glossary/#animations-in-inline-styling
 WARN  It looks like you might be using shared value's .value inside reanimated inline style. If you want a component to update when shared value changes you should use the shared value directly instead of its current state represented by `.value`. See documentation here: https://docs.swmansion.com/react-native-reanimated/docs/fundamentals/glossary/#animations-in-inline-styling
 WARN  It looks like you might be using shared value's .value inside reanimated inline style. If you want a component to update when shared value changes you should use the shared value directly instead of its current state represented by `.value`. See documentation here: https://docs.swmansion.com/react-native-reanimated/docs/fundamentals/glossary/#animations-in-inline-styling
 WARN  It looks like you might be using shared value's .value inside reanimated inline style. If you want a component to update when shared value changes you should use the shared value directly instead of its current state represented by `.value`. See documentation here: https://docs.swmansion.com/react-native-reanimated/docs/fundamentals/glossary/#animations-in-inline-styling
 WARN  It looks like you might be using shared value's .value inside reanimated inline style. If you want a component to update when shared value changes you should use the shared value directly instead of its current state represented by `.value`. See documentation here: https://docs.swmansion.com/react-native-reanimated/docs/fundamentals/glossary/#animations-in-inline-styling
 WARN  It looks like you might be using shared value's .value inside reanimated inline style. If you want a component to update when shared value changes you should use the shared value directly instead of its current state represented by `.value`. See documentation here: https://docs.swmansion.com/react-native-reanimated/docs/fundamentals/glossary/#animations-in-inline-styling
 WARN  It looks like you might be using shared value's .value inside reanimated inline style. If you want a component to update when shared value changes you should use the shared value directly instead of its current state represented by `.value`. See documentation here: https://docs.swmansion.com/react-native-reanimated/docs/fundamentals/glossary/#animations-in-inline-styling
 WARN  It looks like you might be using shared value's .value inside reanimated inline style. If you want a component to update when shared value changes you should use the shared value directly instead of its current state represented by `.value`. See documentation here: https://docs.swmansion.com/react-native-reanimated/docs/fundamentals/glossary/#animations-in-inline-styling
 WARN  It looks like you might be using shared value's .value inside reanimated inline style. If you want a component to update when shared value changes you should use the shared value directly instead of its current state represented by `.value`. See documentation here: https://docs.swmansion.com/react-native-reanimated/docs/fundamentals/glossary/#animations-in-inline-styling
 WARN  It looks like you might be using shared value's .value inside reanimated inline style. If you want a component to update when shared value changes you should use the shared value directly instead of its current state represented by `.value`. See documentation here: https://docs.swmansion.com/react-native-reanimated/docs/fundamentals/glossary/#animations-in-inline-styling
 WARN  It looks like you might be using shared value's .value inside reanimated inline style. If you want a component to update when shared value changes you should use the shared value directly instead of its current state represented by `.value`. See documentation here: https://docs.swmansion.com/react-native-reanimated/docs/fundamentals/glossary/#animations-in-inline-styling
 WARN  It looks like you might be using shared value's .value inside reanimated inline style. If you want a component to update when shared value changes you should use the shared value directly instead of its current state represented by `.value`. See documentation here: https://docs.swmansion.com/react-native-reanimated/docs/fundamentals/glossary/#animations-in-inline-styling
 WARN  It looks like you might be using shared value's .value inside reanimated inline style. If you want a component to update when shared value changes you should use the shared value directly instead of its current state represented by `.value`. See documentation here: https://docs.swmansion.com/react-native-reanimated/docs/fundamentals/glossary/#animations-in-inline-styling
 WARN  It looks like you might be using shared value's .value inside reanimated inline style. If you want a component to update when shared value changes you should use the shared value directly instead of its current state represented by `.value`. See documentation here: https://docs.swmansion.com/react-native-reanimated/docs/fundamentals/glossary/#animations-in-inline-styling
 WARN  It looks like you might be using shared value's .value inside reanimated inline style. If you want a component to update when shared value changes you should use the shared value directly instead of its current state represented by `.value`. See documentation here: https://docs.swmansion.com/react-native-reanimated/docs/fundamentals/glossary/#animations-in-inline-styling
 WARN  It looks like you might be using shared value's .value inside reanimated inline style. If you want a component to update when shared value changes you should use the shared value directly instead of its current state represented by `.value`. See documentation here: https://docs.swmansion.com/react-native-reanimated/docs/fundamentals/glossary/#animations-in-inline-styling
 WARN  It looks like you might be using shared value's .value inside reanimated inline style. If you want a component to update when shared value changes you should use the shared value directly instead of its current state represented by `.value`. See documentation here: https://docs.swmansion.com/react-native-reanimated/docs/fundamentals/glossary/#animations-in-inline-styling
 WARN  It looks like you might be using shared value's .value inside reanimated inline style. If you want a component to update when shared value changes you should use the shared value directly instead of its current state represented by `.value`. See documentation here: https://docs.swmansion.com/react-native-reanimated/docs/fundamentals/glossary/#animations-in-inline-styling
 WARN  It looks like you might be using shared value's .value inside reanimated inline style. If you want a component to update when shared value changes you should use the shared value directly instead of its current state represented by `.value`. See documentation here: https://docs.swmansion.com/react-native-reanimated/docs/fundamentals/glossary/#animations-in-inline-styling
 WARN  It looks like you might be using shared value's .value inside reanimated inline style. If you want a component to update when shared value changes you should use the shared value directly instead of its current state represented by `.value`. See documentation here: https://docs.swmansion.com/react-native-reanimated/docs/fundamentals/glossary/#animations-in-inline-styling
 WARN  It looks like you might be using shared value's .value inside reanimated inline style. If you want a component to update when shared value changes you should use the shared value directly instead of its current state represented by `.value`. See documentation here: https://docs.swmansion.com/react-native-reanimated/docs/fundamentals/glossary/#animations-in-inline-styling
 WARN  It looks like you might be using shared value's .value inside reanimated inline style. If you want a component to update when shared value changes you should use the shared value directly instead of its current state represented by `.value`. See documentation here: https://docs.swmansion.com/react-native-reanimated/docs/fundamentals/glossary/#animations-in-inline-styling
 WARN  It looks like you might be using shared value's .value inside reanimated inline style. If you want a component to update when shared value changes you should use the shared value directly instead of its current state represented by `.value`. See documentation here: https://docs.swmansion.com/react-native-reanimated/docs/fundamentals/glossary/#animations-in-inline-styling
 WARN  It looks like you might be using shared value's .value inside reanimated inline style. If you want a component to update when shared value changes you should use the shared value directly instead of its current state represented by `.value`. See documentation here: https://docs.swmansion.com/react-native-reanimated/docs/fundamentals/glossary/#animations-in-inline-styling
 WARN  It looks like you might be using shared value's .value inside reanimated inline style. If you want a component to update when shared value changes you should use the shared value directly instead of its current state represented by `.value`. See documentation here: https://docs.swmansion.com/react-native-reanimated/docs/fundamentals/glossary/#animations-in-inline-styling
 WARN  It looks like you might be using shared value's .value inside reanimated inline style. If you want a component to update when shared value changes you should use the shared value directly instead of its current state represented by `.value`. See documentation here: https://docs.swmansion.com/react-native-reanimated/docs/fundamentals/glossary/#animations-in-inline-styling
 WARN  It looks like you might be using shared value's .value inside reanimated inline style. If you want a component to update when shared value changes you should use the shared value directly instead of its current state represented by `.value`. See documentation here: https://docs.swmansion.com/react-native-reanimated/docs/fundamentals/glossary/#animations-in-inline-styling
 WARN  It looks like you might be using shared value's .value inside reanimated inline style. If you want a component to update when shared value changes you should use the shared value directly instead of its current state represented by `.value`. See documentation here: https://docs.swmansion.com/react-native-reanimated/docs/fundamentals/glossary/#animations-in-inline-styling
 WARN  It looks like you might be using shared value's .value inside reanimated inline style. If you want a component to update when shared value changes you should use the shared value directly instead of its current state represented by `.value`. See documentation here: https://docs.swmansion.com/react-native-reanimated/docs/fundamentals/glossary/#animations-in-inline-styling
 WARN  It looks like you might be using shared value's .value inside reanimated inline style. If you want a component to update when shared value changes you should use the shared value directly instead of its current state represented by `.value`. See documentation here: https://docs.swmansion.com/react-native-reanimated/docs/fundamentals/glossary/#animations-in-inline-styling
 WARN  It looks like you might be using shared value's .value inside reanimated inline style. If you want a component to update when shared value changes you should use the shared value directly instead of its current state represented by `.value`. See documentation here: https://docs.swmansion.com/react-native-reanimated/docs/fundamentals/glossary/#animations-in-inline-styling
 WARN  It looks like you might be using shared value's .value inside reanimated inline style. If you want a component to update when shared value changes you should use the shared value directly instead of its current state represented by `.value`. See documentation here: https://docs.swmansion.com/react-native-reanimated/docs/fundamentals/glossary/#animations-in-inline-styling
 WARN  It looks like you might be using shared value's .value inside reanimated inline style. If you want a component to update when shared value changes you should use the shared value directly instead of its current state represented by `.value`. See documentation here: https://docs.swmansion.com/react-native-reanimated/docs/fundamentals/glossary/#animations-in-inline-styling
 ERROR  [Notifications] Failed to get push token: [Error: Make sure to complete the guide at https://docs.expo.dev/push-notifications/fcm-credentials/ : Default FirebaseApp is not initialized in this process com.frequenc.app. Make sure to call FirebaseApp.initializeApp(Context) first.]
 WARN  It looks like you might be using shared value's .value inside reanimated inline style. If you want a component to update when shared value changes you should use the shared value directly instead of its current state represented by `.value`. See documentation here: https://docs.swmansion.com/react-native-reanimated/docs/fundamentals/glossary/#animations-in-inline-styling
 WARN  [Forecast] AI service not configured
 WARN  It looks like you might be using shared value's .value inside reanimated inline style. If you want a component to update when shared value changes you should use the shared value directly instead of its current state represented by `.value`. See documentation here: https://docs.swmansion.com/react-native-reanimated/docs/fundamentals/glossary/#animations-in-inline-styling
 WARN  It looks like you might be using shared value's .value inside reanimated inline style. If you want a component to update when shared value changes you should use the shared value directly instead of its current state represented by `.value`. See documentation here: https://docs.swmansion.com/react-native-reanimated/docs/fundamentals/glossary/#animations-in-inline-styling
 WARN  It looks like you might be using shared value's .value inside reanimated inline style. If you want a component to update when shared value changes you should use the shared value directly instead of its current state represented by `.value`. See documentation here: https://docs.swmansion.com/react-native-reanimated/docs/fundamentals/glossary/#animations-in-inline-styling
 WARN  It looks like you might be using shared value's .value inside reanimated inline style. If you want a component to update when shared value changes you should use the shared value directly instead of its current state represented by `.value`. See documentation here: https://docs.swmansion.com/react-native-reanimated/docs/fundamentals/glossary/#animations-in-inline-styling
 WARN  It looks like you might be using shared value's .value inside reanimated inline style. If you want a component to update when shared value changes you should use the shared value directly instead of its current state represented by `.value`. See documentation here: https://docs.swmansion.com/react-native-reanimated/docs/fundamentals/glossary/#animations-in-inline-styling
 WARN  It looks like you might be using shared value's .value inside reanimated inline style. If you want a component to update when shared value changes you should use the shared value directly instead of its current state represented by `.value`. See documentation here: https://docs.swmansion.com/react-native-reanimated/docs/fundamentals/glossary/#animations-in-inline-styling
Android Frequen-C-Mobile\index.ts ΓûæΓûæΓûæΓûæΓûæΓûæΓûæΓûæΓûæΓûæΓûæΓûæΓûæΓûæΓûæΓûæ  0.0% (0/1)
Android Bundled 47ms Frequen-C-Mobile\index.ts (1 module)
 WARN  [expo-av]: Expo AV has been deprecated and will be removed in SDK 54. Use the `expo-audio` and `expo-video` packages to replace the required functionality.
 WARN  setLayoutAnimationEnabledExperimental is currently a no-op in the New Architecture.
 WARN  setLayoutAnimationEnabledExperimental is currently a no-op in the New Architecture.
 ERROR  [Notifications] Failed to get push token: [Error: Make sure to complete the guide at https://docs.expo.dev/push-notifications/fcm-credentials/ : Default FirebaseApp is not initialized in this process com.frequenc.app. Make sure to call FirebaseApp.initializeApp(Context) first.]
 WARN  It looks like you might be using shared value's .value inside reanimated inline style. If you want a component to update when shared value changes you should use the shared value directly instead of its current state represented by `.value`. See documentation here: https://docs.swmansion.com/react-native-reanimated/docs/fundamentals/glossary/#animations-in-inline-styling
 WARN  [Forecast] AI service not configured
 WARN  It looks like you might be using shared value's .value inside reanimated inline style. If you want a component to update when shared value changes you should use the shared value directly instead of its current state represented by `.value`. See documentation here: https://docs.swmansion.com/react-native-reanimated/docs/fundamentals/glossary/#animations-in-inline-styling
 WARN  It looks like you might be using shared value's .value inside reanimated inline style. If you want a component to update when shared value changes you should use the shared value directly instead of its current state represented by `.value`. See documentation here: https://docs.swmansion.com/react-native-reanimated/docs/fundamentals/glossary/#animations-in-inline-styling
 WARN  It looks like you might be using shared value's .value inside reanimated inline style. If you want a component to update when shared value changes you should use the shared value directly instead of its current state represented by `.value`. See documentation here: https://docs.swmansion.com/react-native-reanimated/docs/fundamentals/glossary/#animations-in-inline-styling
 WARN  It looks like you might be using shared value's .value inside reanimated inline style. If you want a component to update when shared value changes you should use the shared value directly instead of its current state represented by `.value`. See documentation here: https://docs.swmansion.com/react-native-reanimated/docs/fundamentals/glossary/#animations-in-inline-styling
 WARN  [Profile] Failed to load provider status: [ApiError: Unknown error]
 LOG  [Auth] Spotify redirectUri: frequenc://
 LOG  [Auth] Auth runtime: standalone
 LOG  [Auth] Tidal redirectUri: frequenc://
 LOG  [Auth] Auth runtime: standalone
 WARN  It looks like you might be using shared value's .value inside reanimated inline style. If you want a component to update when shared value changes you should use the shared value directly instead of its current state represented by `.value`. See documentation here: https://docs.swmansion.com/react-native-reanimated/docs/fundamentals/glossary/#animations-in-inline-styling
 WARN  It looks like you might be using shared value's .value inside reanimated inline style. If you want a component to update when shared value changes you should use the shared value directly instead of its current state represented by `.value`. See documentation here: https://docs.swmansion.com/react-native-reanimated/docs/fundamentals/glossary/#animations-in-inline-styling
 LOG  [Auth] Last.fm redirectUri: frequenc://
 WARN  It looks like you might be using shared value's .value inside reanimated inline style. If you want a component to update when shared value changes you should use the shared value directly instead of its current state represented by `.value`. See documentation here: https://docs.swmansion.com/react-native-reanimated/docs/fundamentals/glossary/#animations-in-inline-styling
 WARN  [Forecast] AI service not configured
 WARN  It looks like you might be using shared value's .value inside reanimated inline style. If you want a component to update when shared value changes you should use the shared value directly instead of its current state represented by `.value`. See documentation here: https://docs.swmansion.com/react-native-reanimated/docs/fundamentals/glossary/#animations-in-inline-styling
 WARN  It looks like you might be using shared value's .value inside reanimated inline style. If you want a component to update when shared value changes you should use the shared value directly instead of its current state represented by `.value`. See documentation here: https://docs.swmansion.com/react-native-reanimated/docs/fundamentals/glossary/#animations-in-inline-styling
 WARN  [Profile] Failed to load provider status: [ApiError: Unknown error]
 WARN  It looks like you might be using shared value's .value inside reanimated inline style. If you want a component to update when shared value changes you should use the shared value directly instead of its current state represented by `.value`. See documentation here: https://docs.swmansion.com/react-native-reanimated/docs/fundamentals/glossary/#animations-in-inline-styling
 WARN  It looks like you might be using shared value's .value inside reanimated inline style. If you want a component to update when shared value changes you should use the shared value directly instead of its current state represented by `.value`. See documentation here: https://docs.swmansion.com/react-native-reanimated/docs/fundamentals/glossary/#animations-in-inline-styling
 WARN  It looks like you might be using shared value's .value inside reanimated inline style. If you want a component to update when shared value changes you should use the shared value directly instead of its current state represented by `.value`. See documentation here: https://docs.swmansion.com/react-native-reanimated/docs/fundamentals/glossary/#animations-in-inline-styling
 WARN  It looks like you might be using shared value's .value inside reanimated inline style. If you want a component to update when shared value changes you should use the shared value directly instead of its current state represented by `.value`. See documentation here: https://docs.swmansion.com/react-native-reanimated/docs/fundamentals/glossary/#animations-in-inline-styling
 WARN  [Profile] Failed to load provider status: [ApiError: Unknown error]
 WARN  [Profile] Failed to load provider status: [ApiError: Unknown error]
 WARN  It looks like you might be using shared value's .value inside reanimated inline style. If you want a component to update when shared value changes you should use the shared value directly instead of its current state represented by `.value`. See documentation here: https://docs.swmansion.com/react-native-reanimated/docs/fundamentals/glossary/#animations-in-inline-styling
 WARN  It looks like you might be using shared value's .value inside reanimated inline style. If you want a component to update when shared value changes you should use the shared value directly instead of its current state represented by `.value`. See documentation here: https://docs.swmansion.com/react-native-reanimated/docs/fundamentals/glossary/#animations-in-inline-styling
 WARN  It looks like you might be using shared value's .value inside reanimated inline style. If you want a component to update when shared value changes you should use the shared value directly instead of its current state represented by `.value`. See documentation here: https://docs.swmansion.com/react-native-reanimated/docs/fundamentals/glossary/#animations-in-inline-styling
 WARN  It looks like you might be using shared value's .value inside reanimated inline style. If you want a component to update when shared value changes you should use the shared value directly instead of its current state represented by `.value`. See documentation here: https://docs.swmansion.com/react-native-reanimated/docs/fundamentals/glossary/#animations-in-inline-styling
 WARN  It looks like you might be using shared value's .value inside reanimated inline style. If you want a component to update when shared value changes you should use the shared value directly instead of its current state represented by `.value`. See documentation here: https://docs.swmansion.com/react-native-reanimated/docs/fundamentals/glossary/#animations-in-inline-styling
 WARN  It looks like you might be using shared value's .value inside reanimated inline style. If you want a component to update when shared value changes you should use the shared value directly instead of its current state represented by `.value`. See documentation here: https://docs.swmansion.com/react-native-reanimated/docs/fundamentals/glossary/#animations-in-inline-styling
 WARN  It looks like you might be using shared value's .value inside reanimated inline style. If you want a component to update when shared value changes you should use the shared value directly instead of its current state represented by `.value`. See documentation here: https://docs.swmansion.com/react-native-reanimated/docs/fundamentals/glossary/#animations-in-inline-styling
 WARN  It looks like you might be using shared value's .value inside reanimated inline style. If you want a component to update when shared value changes you should use the shared value directly instead of its current state represented by `.value`. See documentation here: https://docs.swmansion.com/react-native-reanimated/docs/fundamentals/glossary/#animations-in-inline-styling
 WARN  It looks like you might be using shared value's .value inside reanimated inline style. If you want a component to update when shared value changes you should use the shared value directly instead of its current state represented by `.value`. See documentation here: https://docs.swmansion.com/react-native-reanimated/docs/fundamentals/glossary/#animations-in-inline-styling
 WARN  It looks like you might be using shared value's .value inside reanimated inline style. If you want a component to update when shared value changes you should use the shared value directly instead of its current state represented by `.value`. See documentation here: https://docs.swmansion.com/react-native-reanimated/docs/fundamentals/glossary/#animations-in-inline-styling
 WARN  It looks like you might be using shared value's .value inside reanimated inline style. If you want a component to update when shared value changes you should use the shared value directly instead of its current state represented by `.value`. See documentation here: https://docs.swmansion.com/react-native-reanimated/docs/fundamentals/glossary/#animations-in-inline-styling
 WARN  It looks like you might be using shared value's .value inside reanimated inline style. If you want a component to update when shared value changes you should use the shared value directly instead of its current state represented by `.value`. See documentation here: https://docs.swmansion.com/react-native-reanimated/docs/fundamentals/glossary/#animations-in-inline-styling
 WARN  It looks like you might be using shared value's .value inside reanimated inline style. If you want a component to update when shared value changes you should use the shared value directly instead of its current state represented by `.value`. See documentation here: https://docs.swmansion.com/react-native-reanimated/docs/fundamentals/glossary/#animations-in-inline-styling
 WARN  It looks like you might be using shared value's .value inside reanimated inline style. If you want a component to update when shared value changes you should use the shared value directly instead of its current state represented by `.value`. See documentation here: https://docs.swmansion.com/react-native-reanimated/docs/fundamentals/glossary/#animations-in-inline-styling
 WARN  It looks like you might be using shared value's .value inside reanimated inline style. If you want a component to update when shared value changes you should use the shared value directly instead of its current state represented by `.value`. See documentation here: https://docs.swmansion.com/react-native-reanimated/docs/fundamentals/glossary/#animations-in-inline-styling
 WARN  It looks like you might be using shared value's .value inside reanimated inline style. If you want a component to update when shared value changes you should use the shared value directly instead of its current state represented by `.value`. See documentation here: https://docs.swmansion.com/react-native-reanimated/docs/fundamentals/glossary/#animations-in-inline-styling
 WARN  It looks like you might be using shared value's .value inside reanimated inline style. If you want a component to update when shared value changes you should use the shared value directly instead of its current state represented by `.value`. See documentation here: https://docs.swmansion.com/react-native-reanimated/docs/fundamentals/glossary/#animations-in-inline-styling
 WARN  It looks like you might be using shared value's .value inside reanimated inline style. If you want a component to update when shared value changes you should use the shared value directly instead of its current state represented by `.value`. See documentation here: https://docs.swmansion.com/react-native-reanimated/docs/fundamentals/glossary/#animations-in-inline-styling
 WARN  It looks like you might be using shared value's .value inside reanimated inline style. If you want a component to update when shared value changes you should use the shared value directly instead of its current state represented by `.value`. See documentation here: https://docs.swmansion.com/react-native-reanimated/docs/fundamentals/glossary/#animations-in-inline-styling
 WARN  It looks like you might be using shared value's .value inside reanimated inline style. If you want a component to update when shared value changes you should use the shared value directly instead of its current state represented by `.value`. See documentation here: https://docs.swmansion.com/react-native-reanimated/docs/fundamentals/glossary/#animations-in-inline-styling
 WARN  It looks like you might be using shared value's .value inside reanimated inline style. If you want a component to update when shared value changes you should use the shared value directly instead of its current state represented by `.value`. See documentation here: https://docs.swmansion.com/react-native-reanimated/docs/fundamentals/glossary/#animations-in-inline-styling
 WARN  It looks like you might be using shared value's .value inside reanimated inline style. If you want a component to update when shared value changes you should use the shared value directly instead of its current state represented by `.value`. See documentation here: https://docs.swmansion.com/react-native-reanimated/docs/fundamentals/glossary/#animations-in-inline-styling
 WARN  It looks like you might be using shared value's .value inside reanimated inline style. If you want a component to update when shared value changes you should use the shared value directly instead of its current state represented by `.value`. See documentation here: https://docs.swmansion.com/react-native-reanimated/docs/fundamentals/glossary/#animations-in-inline-styling
 WARN  It looks like you might be using shared value's .value inside reanimated inline style. If you want a component to update when shared value changes you should use the shared value directly instead of its current state represented by `.value`. See documentation here: https://docs.swmansion.com/react-native-reanimated/docs/fundamentals/glossary/#animations-in-inline-styling
 WARN  It looks like you might be using shared value's .value inside reanimated inline style. If you want a component to update when shared value changes you should use the shared value directly instead of its current state represented by `.value`. See documentation here: https://docs.swmansion.com/react-native-reanimated/docs/fundamentals/glossary/#animations-in-inline-styling
 WARN  It looks like you might be using shared value's .value inside reanimated inline style. If you want a component to update when shared value changes you should use the shared value directly instead of its current state represented by `.value`. See documentation here: https://docs.swmansion.com/react-native-reanimated/docs/fundamentals/glossary/#animations-in-inline-styling
 WARN  It looks like you might be using shared value's .value inside reanimated inline style. If you want a component to update when shared value changes you should use the shared value directly instead of its current state represented by `.value`. See documentation here: https://docs.swmansion.com/react-native-reanimated/docs/fundamentals/glossary/#animations-in-inline-styling
 WARN  It looks like you might be using shared value's .value inside reanimated inline style. If you want a component to update when shared value changes you should use the shared value directly instead of its current state represented by `.value`. See documentation here: https://docs.swmansion.com/react-native-reanimated/docs/fundamentals/glossary/#animations-in-inline-styling
 WARN  It looks like you might be using shared value's .value inside reanimated inline style. If you want a component to update when shared value changes you should use the shared value directly instead of its current state represented by `.value`. See documentation here: https://docs.swmansion.com/react-native-reanimated/docs/fundamentals/glossary/#animations-in-inline-styling
 WARN  It looks like you might be using shared value's .value inside reanimated inline style. If you want a component to update when shared value changes you should use the shared value directly instead of its current state represented by `.value`. See documentation here: https://docs.swmansion.com/react-native-reanimated/docs/fundamentals/glossary/#animations-in-inline-styling
 WARN  It looks like you might be using shared value's .value inside reanimated inline style. If you want a component to update when shared value changes you should use the shared value directly instead of its current state represented by `.value`. See documentation here: https://docs.swmansion.com/react-native-reanimated/docs/fundamentals/glossary/#animations-in-inline-styling
 WARN  It looks like you might be using shared value's .value inside reanimated inline style. If you want a component to update when shared value changes you should use the shared value directly instead of its current state represented by `.value`. See documentation here: https://docs.swmansion.com/react-native-reanimated/docs/fundamentals/glossary/#animations-in-inline-styling
 WARN  It looks like you might be using shared value's .value inside reanimated inline style. If you want a component to update when shared value changes you should use the shared value directly instead of its current state represented by `.value`. See documentation here: https://docs.swmansion.com/react-native-reanimated/docs/fundamentals/glossary/#animations-in-inline-styling
 WARN  It looks like you might be using shared value's .value inside reanimated inline style. If you want a component to update when shared value changes you should use the shared value directly instead of its current state represented by `.value`. See documentation here: https://docs.swmansion.com/react-native-reanimated/docs/fundamentals/glossary/#animations-in-inline-styling
 WARN  It looks like you might be using shared value's .value inside reanimated inline style. If you want a component to update when shared value changes you should use the shared value directly instead of its current state represented by `.value`. See documentation here: https://docs.swmansion.com/react-native-reanimated/docs/fundamentals/glossary/#animations-in-inline-styling
 WARN  It looks like you might be using shared value's .value inside reanimated inline style. If you want a component to update when shared value changes you should use the shared value directly instead of its current state represented by `.value`. See documentation here: https://docs.swmansion.com/react-native-reanimated/docs/fundamentals/glossary/#animations-in-inline-styling
 WARN  It looks like you might be using shared value's .value inside reanimated inline style. If you want a component to update when shared value changes you should use the shared value directly instead of its current state represented by `.value`. See documentation here: https://docs.swmansion.com/react-native-reanimated/docs/fundamentals/glossary/#animations-in-inline-styling
 WARN  It looks like you might be using shared value's .value inside reanimated inline style. If you want a component to update when shared value changes you should use the shared value directly instead of its current state represented by `.value`. See documentation here: https://docs.swmansion.com/react-native-reanimated/docs/fundamentals/glossary/#animations-in-inline-styling
 WARN  It looks like you might be using shared value's .value inside reanimated inline style. If you want a component to update when shared value changes you should use the shared value directly instead of its current state represented by `.value`. See documentation here: https://docs.swmansion.com/react-native-reanimated/docs/fundamentals/glossary/#animations-in-inline-styling
 WARN  It looks like you might be using shared value's .value inside reanimated inline style. If you want a component to update when shared value changes you should use the shared value directly instead of its current state represented by `.value`. See documentation here: https://docs.swmansion.com/react-native-reanimated/docs/fundamentals/glossary/#animations-in-inline-styling
 WARN  It looks like you might be using shared value's .value inside reanimated inline style. If you want a component to update when shared value changes you should use the shared value directly instead of its current state represented by `.value`. See documentation here: https://docs.swmansion.com/react-native-reanimated/docs/fundamentals/glossary/#animations-in-inline-styling
 WARN  It looks like you might be using shared value's .value inside reanimated inline style. If you want a component to update when shared value changes you should use the shared value directly instead of its current state represented by `.value`. See documentation here: https://docs.swmansion.com/react-native-reanimated/docs/fundamentals/glossary/#animations-in-inline-styling
 WARN  It looks like you might be using shared value's .value inside reanimated inline style. If you want a component to update when shared value changes you should use the shared value directly instead of its current state represented by `.value`. See documentation here: https://docs.swmansion.com/react-native-reanimated/docs/fundamentals/glossary/#animations-in-inline-styling
 WARN  It looks like you might be using shared value's .value inside reanimated inline style. If you want a component to update when shared value changes you should use the shared value directly instead of its current state represented by `.value`. See documentation here: https://docs.swmansion.com/react-native-reanimated/docs/fundamentals/glossary/#animations-in-inline-styling
 WARN  It looks like you might be using shared value's .value inside reanimated inline style. If you want a component to update when shared value changes you should use the shared value directly instead of its current state represented by `.value`. See documentation here: https://docs.swmansion.com/react-native-reanimated/docs/fundamentals/glossary/#animations-in-inline-styling
 WARN  It looks like you might be using shared value's .value inside reanimated inline style. If you want a component to update when shared value changes you should use the shared value directly instead of its current state represented by `.value`. See documentation here: https://docs.swmansion.com/react-native-reanimated/docs/fundamentals/glossary/#animations-in-inline-styling
 WARN  It looks like you might be using shared value's .value inside reanimated inline style. If you want a component to update when shared value changes you should use the shared value directly instead of its current state represented by `.value`. See documentation here: https://docs.swmansion.com/react-native-reanimated/docs/fundamentals/glossary/#animations-in-inline-styling
 WARN  It looks like you might be using shared value's .value inside reanimated inline style. If you want a component to update when shared value changes you should use the shared value directly instead of its current state represented by `.value`. See documentation here: https://docs.swmansion.com/react-native-reanimated/docs/fundamentals/glossary/#animations-in-inline-styling
 WARN  It looks like you might be using shared value's .value inside reanimated inline style. If you want a component to update when shared value changes you should use the shared value directly instead of its current state represented by `.value`. See documentation here: https://docs.swmansion.com/react-native-reanimated/docs/fundamentals/glossary/#animations-in-inline-styling
 WARN  It looks like you might be using shared value's .value inside reanimated inline style. If you want a component to update when shared value changes you should use the shared value directly instead of its current state represented by `.value`. See documentation here: https://docs.swmansion.com/react-native-reanimated/docs/fundamentals/glossary/#animations-in-inline-styling
 WARN  It looks like you might be using shared value's .value inside reanimated inline style. If you want a component to update when shared value changes you should use the shared value directly instead of its current state represented by `.value`. See documentation here: https://docs.swmansion.com/react-native-reanimated/docs/fundamentals/glossary/#animations-in-inline-styling
 WARN  It looks like you might be using shared value's .value inside reanimated inline style. If you want a component to update when shared value changes you should use the shared value directly instead of its current state represented by `.value`. See documentation here: https://docs.swmansion.com/react-native-reanimated/docs/fundamentals/glossary/#animations-in-inline-styling
 WARN  It looks like you might be using shared value's .value inside reanimated inline style. If you want a component to update when shared value changes you should use the shared value directly instead of its current state represented by `.value`. See documentation here: https://docs.swmansion.com/react-native-reanimated/docs/fundamentals/glossary/#animations-in-inline-styling
 WARN  It looks like you might be using shared value's .value inside reanimated inline style. If you want a component to update when shared value changes you should use the shared value directly instead of its current state represented by `.value`. See documentation here: https://docs.swmansion.com/react-native-reanimated/docs/fundamentals/glossary/#animations-in-inline-styling
 WARN  It looks like you might be using shared value's .value inside reanimated inline style. If you want a component to update when shared value changes you should use the shared value directly instead of its current state represented by `.value`. See documentation here: https://docs.swmansion.com/react-native-reanimated/docs/fundamentals/glossary/#animations-in-inline-styling
 WARN  It looks like you might be using shared value's .value inside reanimated inline style. If you want a component to update when shared value changes you should use the shared value directly instead of its current state represented by `.value`. See documentation here: https://docs.swmansion.com/react-native-reanimated/docs/fundamentals/glossary/#animations-in-inline-styling
 WARN  It looks like you might be using shared value's .value inside reanimated inline style. If you want a component to update when shared value changes you should use the shared value directly instead of its current state represented by `.value`. See documentation here: https://docs.swmansion.com/react-native-reanimated/docs/fundamentals/glossary/#animations-in-inline-styling
 WARN  It looks like you might be using shared value's .value inside reanimated inline style. If you want a component to update when shared value changes you should use the shared value directly instead of its current state represented by `.value`. See documentation here: https://docs.swmansion.com/react-native-reanimated/docs/fundamentals/glossary/#animations-in-inline-styling
 WARN  It looks like you might be using shared value's .value inside reanimated inline style. If you want a component to update when shared value changes you should use the shared value directly instead of its current state represented by `.value`. See documentation here: https://docs.swmansion.com/react-native-reanimated/docs/fundamentals/glossary/#animations-in-inline-styling
 WARN  It looks like you might be using shared value's .value inside reanimated inline style. If you want a component to update when shared value changes you should use the shared value directly instead of its current state represented by `.value`. See documentation here: https://docs.swmansion.com/react-native-reanimated/docs/fundamentals/glossary/#animations-in-inline-styling
 WARN  It looks like you might be using shared value's .value inside reanimated inline style. If you want a component to update when shared value changes you should use the shared value directly instead of its current state represented by `.value`. See documentation here: https://docs.swmansion.com/react-native-reanimated/docs/fundamentals/glossary/#animations-in-inline-styling
 WARN  It looks like you might be using shared value's .value inside reanimated inline style. If you want a component to update when shared value changes you should use the shared value directly instead of its current state represented by `.value`. See documentation here: https://docs.swmansion.com/react-native-reanimated/docs/fundamentals/glossary/#animations-in-inline-styling
 WARN  It looks like you might be using shared value's .value inside reanimated inline style. If you want a component to update when shared value changes you should use the shared value directly instead of its current state represented by `.value`. See documentation here: https://docs.swmansion.com/react-native-reanimated/docs/fundamentals/glossary/#animations-in-inline-styling
 WARN  It looks like you might be using shared value's .value inside reanimated inline style. If you want a component to update when shared value changes you should use the shared value directly instead of its current state represented by `.value`. See documentation here: https://docs.swmansion.com/react-native-reanimated/docs/fundamentals/glossary/#animations-in-inline-styling
 WARN  It looks like you might be using shared value's .value inside reanimated inline style. If you want a component to update when shared value changes you should use the shared value directly instead of its current state represented by `.value`. See documentation here: https://docs.swmansion.com/react-native-reanimated/docs/fundamentals/glossary/#animations-in-inline-styling
 WARN  It looks like you might be using shared value's .value inside reanimated inline style. If you want a component to update when shared value changes you should use the shared value directly instead of its current state represented by `.value`. See documentation here: https://docs.swmansion.com/react-native-reanimated/docs/fundamentals/glossary/#animations-in-inline-styling
 WARN  It looks like you might be using shared value's .value inside reanimated inline style. If you want a component to update when shared value changes you should use the shared value directly instead of its current state represented by `.value`. See documentation here: https://docs.swmansion.com/react-native-reanimated/docs/fundamentals/glossary/#animations-in-inline-styling
 WARN  It looks like you might be using shared value's .value inside reanimated inline style. If you want a component to update when shared value changes you should use the shared value directly instead of its current state represented by `.value`. See documentation here: https://docs.swmansion.com/react-native-reanimated/docs/fundamentals/glossary/#animations-in-inline-styling
 WARN  It looks like you might be using shared value's .value inside reanimated inline style. If you want a component to update when shared value changes you should use the shared value directly instead of its current state represented by `.value`. See documentation here: https://docs.swmansion.com/react-native-reanimated/docs/fundamentals/glossary/#animations-in-inline-styling
 WARN  It looks like you might be using shared value's .value inside reanimated inline style. If you want a component to update when shared value changes you should use the shared value directly instead of its current state represented by `.value`. See documentation here: https://docs.swmansion.com/react-native-reanimated/docs/fundamentals/glossary/#animations-in-inline-styling
 WARN  It looks like you might be using shared value's .value inside reanimated inline style. If you want a component to update when shared value changes you should use the shared value directly instead of its current state represented by `.value`. See documentation here: https://docs.swmansion.com/react-native-reanimated/docs/fundamentals/glossary/#animations-in-inline-styling
 WARN  It looks like you might be using shared value's .value inside reanimated inline style. If you want a component to update when shared value changes you should use the shared value directly instead of its current state represented by `.value`. See documentation here: https://docs.swmansion.com/react-native-reanimated/docs/fundamentals/glossary/#animations-in-inline-styling
 WARN  It looks like you might be using shared value's .value inside reanimated inline style. If you want a component to update when shared value changes you should use the shared value directly instead of its current state represented by `.value`. See documentation here: https://docs.swmansion.com/react-native-reanimated/docs/fundamentals/glossary/#animations-in-inline-styling
 WARN  It looks like you might be using shared value's .value inside reanimated inline style. If you want a component to update when shared value changes you should use the shared value directly instead of its current state represented by `.value`. See documentation here: https://docs.swmansion.com/react-native-reanimated/docs/fundamentals/glossary/#animations-in-inline-styling
 WARN  It looks like you might be using shared value's .value inside reanimated inline style. If you want a component to update when shared value changes you should use the shared value directly instead of its current state represented by `.value`. See documentation here: https://docs.swmansion.com/react-native-reanimated/docs/fundamentals/glossary/#animations-in-inline-styling
 WARN  It looks like you might be using shared value's .value inside reanimated inline style. If you want a component to update when shared value changes you should use the shared value directly instead of its current state represented by `.value`. See documentation here: https://docs.swmansion.com/react-native-reanimated/docs/fundamentals/glossary/#animations-in-inline-styling
 WARN  It looks like you might be using shared value's .value inside reanimated inline style. If you want a component to update when shared value changes you should use the shared value directly instead of its current state represented by `.value`. See documentation here: https://docs.swmansion.com/react-native-reanimated/docs/fundamentals/glossary/#animations-in-inline-styling
 WARN  It looks like you might be using shared value's .value inside reanimated inline style. If you want a component to update when shared value changes you should use the shared value directly instead of its current state represented by `.value`. See documentation here: https://docs.swmansion.com/react-native-reanimated/docs/fundamentals/glossary/#animations-in-inline-styling
 WARN  It looks like you might be using shared value's .value inside reanimated inline style. If you want a component to update when shared value changes you should use the shared value directly instead of its current state represented by `.value`. See documentation here: https://docs.swmansion.com/react-native-reanimated/docs/fundamentals/glossary/#animations-in-inline-styling
 WARN  It looks like you might be using shared value's .value inside reanimated inline style. If you want a component to update when shared value changes you should use the shared value directly instead of its current state represented by `.value`. See documentation here: https://docs.swmansion.com/react-native-reanimated/docs/fundamentals/glossary/#animations-in-inline-styling
 WARN  It looks like you might be using shared value's .value inside reanimated inline style. If you want a component to update when shared value changes you should use the shared value directly instead of its current state represented by `.value`. See documentation here: https://docs.swmansion.com/react-native-reanimated/docs/fundamentals/glossary/#animations-in-inline-styling
 WARN  It looks like you might be using shared value's .value inside reanimated inline style. If you want a component to update when shared value changes you should use the shared value directly instead of its current state represented by `.value`. See documentation here: https://docs.swmansion.com/react-native-reanimated/docs/fundamentals/glossary/#animations-in-inline-styling
 WARN  It looks like you might be using shared value's .value inside reanimated inline style. If you want a component to update when shared value changes you should use the shared value directly instead of its current state represented by `.value`. See documentation here: https://docs.swmansion.com/react-native-reanimated/docs/fundamentals/glossary/#animations-in-inline-styling
 WARN  It looks like you might be using shared value's .value inside reanimated inline style. If you want a component to update when shared value changes you should use the shared value directly instead of its current state represented by `.value`. See documentation here: https://docs.swmansion.com/react-native-reanimated/docs/fundamentals/glossary/#animations-in-inline-styling
 WARN  It looks like you might be using shared value's .value inside reanimated inline style. If you want a component to update when shared value changes you should use the shared value directly instead of its current state represented by `.value`. See documentation here: https://docs.swmansion.com/react-native-reanimated/docs/fundamentals/glossary/#animations-in-inline-styling
 WARN  It looks like you might be using shared value's .value inside reanimated inline style. If you want a component to update when shared value changes you should use the shared value directly instead of its current state represented by `.value`. See documentation here: https://docs.swmansion.com/react-native-reanimated/docs/fundamentals/glossary/#animations-in-inline-styling
 WARN  It looks like you might be using shared value's .value inside reanimated inline style. If you want a component to update when shared value changes you should use the shared value directly instead of its current state represented by `.value`. See documentation here: https://docs.swmansion.com/react-native-reanimated/docs/fundamentals/glossary/#animations-in-inline-styling
 WARN  It looks like you might be using shared value's .value inside reanimated inline style. If you want a component to update when shared value changes you should use the shared value directly instead of its current state represented by `.value`. See documentation here: https://docs.swmansion.com/react-native-reanimated/docs/fundamentals/glossary/#animations-in-inline-styling
 WARN  It looks like you might be using shared value's .value inside reanimated inline style. If you want a component to update when shared value changes you should use the shared value directly instead of its current state represented by `.value`. See documentation here: https://docs.swmansion.com/react-native-reanimated/docs/fundamentals/glossary/#animations-in-inline-styling
 WARN  It looks like you might be using shared value's .value inside reanimated inline style. If you want a component to update when shared value changes you should use the shared value directly instead of its current state represented by `.value`. See documentation here: https://docs.swmansion.com/react-native-reanimated/docs/fundamentals/glossary/#animations-in-inline-styling
 WARN  It looks like you might be using shared value's .value inside reanimated inline style. If you want a component to update when shared value changes you should use the shared value directly instead of its current state represented by `.value`. See documentation here: https://docs.swmansion.com/react-native-reanimated/docs/fundamentals/glossary/#animations-in-inline-styling
 WARN  It looks like you might be using shared value's .value inside reanimated inline style. If you want a component to update when shared value changes you should use the shared value directly instead of its current state represented by `.value`. See documentation here: https://docs.swmansion.com/react-native-reanimated/docs/fundamentals/glossary/#animations-in-inline-styling
 WARN  It looks like you might be using shared value's .value inside reanimated inline style. If you want a component to update when shared value changes you should use the shared value directly instead of its current state represented by `.value`. See documentation here: https://docs.swmansion.com/react-native-reanimated/docs/fundamentals/glossary/#animations-in-inline-styling
 WARN  It looks like you might be using shared value's .value inside reanimated inline style. If you want a component to update when shared value changes you should use the shared value directly instead of its current state represented by `.value`. See documentation here: https://docs.swmansion.com/react-native-reanimated/docs/fundamentals/glossary/#animations-in-inline-styling
 WARN  It looks like you might be using shared value's .value inside reanimated inline style. If you want a component to update when shared value changes you should use the shared value directly instead of its current state represented by `.value`. See documentation here: https://docs.swmansion.com/react-native-reanimated/docs/fundamentals/glossary/#animations-in-inline-styling
 WARN  It looks like you might be using shared value's .value inside reanimated inline style. If you want a component to update when shared value changes you should use the shared value directly instead of its current state represented by `.value`. See documentation here: https://docs.swmansion.com/react-native-reanimated/docs/fundamentals/glossary/#animations-in-inline-styling
 WARN  It looks like you might be using shared value's .value inside reanimated inline style. If you want a component to update when shared value changes you should use the shared value directly instead of its current state represented by `.value`. See documentation here: https://docs.swmansion.com/react-native-reanimated/docs/fundamentals/glossary/#animations-in-inline-styling
 WARN  It looks like you might be using shared value's .value inside reanimated inline style. If you want a component to update when shared value changes you should use the shared value directly instead of its current state represented by `.value`. See documentation here: https://docs.swmansion.com/react-native-reanimated/docs/fundamentals/glossary/#animations-in-inline-styling
 WARN  It looks like you might be using shared value's .value inside reanimated inline style. If you want a component to update when shared value changes you should use the shared value directly instead of its current state represented by `.value`. See documentation here: https://docs.swmansion.com/react-native-reanimated/docs/fundamentals/glossary/#animations-in-inline-styling
 WARN  It looks like you might be using shared value's .value inside reanimated inline style. If you want a component to update when shared value changes you should use the shared value directly instead of its current state represented by `.value`. See documentation here: https://docs.swmansion.com/react-native-reanimated/docs/fundamentals/glossary/#animations-in-inline-styling
 WARN  It looks like you might be using shared value's .value inside reanimated inline style. If you want a component to update when shared value changes you should use the shared value directly instead of its current state represented by `.value`. See documentation here: https://docs.swmansion.com/react-native-reanimated/docs/fundamentals/glossary/#animations-in-inline-styling
 WARN  It looks like you might be using shared value's .value inside reanimated inline style. If you want a component to update when shared value changes you should use the shared value directly instead of its current state represented by `.value`. See documentation here: https://docs.swmansion.com/react-native-reanimated/docs/fundamentals/glossary/#animations-in-inline-styling
 WARN  It looks like you might be using shared value's .value inside reanimated inline style. If you want a component to update when shared value changes you should use the shared value directly instead of its current state represented by `.value`. See documentation here: https://docs.swmansion.com/react-native-reanimated/docs/fundamentals/glossary/#animations-in-inline-styling
 WARN  It looks like you might be using shared value's .value inside reanimated inline style. If you want a component to update when shared value changes you should use the shared value directly instead of its current state represented by `.value`. See documentation here: https://docs.swmansion.com/react-native-reanimated/docs/fundamentals/glossary/#animations-in-inline-styling
 WARN  It looks like you might be using shared value's .value inside reanimated inline style. If you want a component to update when shared value changes you should use the shared value directly instead of its current state represented by `.value`. See documentation here: https://docs.swmansion.com/react-native-reanimated/docs/fundamentals/glossary/#animations-in-inline-styling
 WARN  It looks like you might be using shared value's .value inside reanimated inline style. If you want a component to update when shared value changes you should use the shared value directly instead of its current state represented by `.value`. See documentation here: https://docs.swmansion.com/react-native-reanimated/docs/fundamentals/glossary/#animations-in-inline-styling
 WARN  It looks like you might be using shared value's .value inside reanimated inline style. If you want a component to update when shared value changes you should use the shared value directly instead of its current state represented by `.value`. See documentation here: https://docs.swmansion.com/react-native-reanimated/docs/fundamentals/glossary/#animations-in-inline-styling
 WARN  It looks like you might be using shared value's .value inside reanimated inline style. If you want a component to update when shared value changes you should use the shared value directly instead of its current state represented by `.value`. See documentation here: https://docs.swmansion.com/react-native-reanimated/docs/fundamentals/glossary/#animations-in-inline-styling
 WARN  It looks like you might be using shared value's .value inside reanimated inline style. If you want a component to update when shared value changes you should use the shared value directly instead of its current state represented by `.value`. See documentation here: https://docs.swmansion.com/react-native-reanimated/docs/fundamentals/glossary/#animations-in-inline-styling
 WARN  It looks like you might be using shared value's .value inside reanimated inline style. If you want a component to update when shared value changes you should use the shared value directly instead of its current state represented by `.value`. See documentation here: https://docs.swmansion.com/react-native-reanimated/docs/fundamentals/glossary/#animations-in-inline-styling
 WARN  It looks like you might be using shared value's .value inside reanimated inline style. If you want a component to update when shared value changes you should use the shared value directly instead of its current state represented by `.value`. See documentation here: https://docs.swmansion.com/react-native-reanimated/docs/fundamentals/glossary/#animations-in-inline-styling
 WARN  It looks like you might be using shared value's .value inside reanimated inline style. If you want a component to update when shared value changes you should use the shared value directly instead of its current state represented by `.value`. See documentation here: https://docs.swmansion.com/react-native-reanimated/docs/fundamentals/glossary/#animations-in-inline-styling
 WARN  It looks like you might be using shared value's .value inside reanimated inline style. If you want a component to update when shared value changes you should use the shared value directly instead of its current state represented by `.value`. See documentation here: https://docs.swmansion.com/react-native-reanimated/docs/fundamentals/glossary/#animations-in-inline-styling
 WARN  It looks like you might be using shared value's .value inside reanimated inline style. If you want a component to update when shared value changes you should use the shared value directly instead of its current state represented by `.value`. See documentation here: https://docs.swmansion.com/react-native-reanimated/docs/fundamentals/glossary/#animations-in-inline-styling
 WARN  It looks like you might be using shared value's .value inside reanimated inline style. If you want a component to update when shared value changes you should use the shared value directly instead of its current state represented by `.value`. See documentation here: https://docs.swmansion.com/react-native-reanimated/docs/fundamentals/glossary/#animations-in-inline-styling
 WARN  It looks like you might be using shared value's .value inside reanimated inline style. If you want a component to update when shared value changes you should use the shared value directly instead of its current state represented by `.value`. See documentation here: https://docs.swmansion.com/react-native-reanimated/docs/fundamentals/glossary/#animations-in-inline-styling
 WARN  It looks like you might be using shared value's .value inside reanimated inline style. If you want a component to update when shared value changes you should use the shared value directly instead of its current state represented by `.value`. See documentation here: https://docs.swmansion.com/react-native-reanimated/docs/fundamentals/glossary/#animations-in-inline-styling
 WARN  It looks like you might be using shared value's .value inside reanimated inline style. If you want a component to update when shared value changes you should use the shared value directly instead of its current state represented by `.value`. See documentation here: https://docs.swmansion.com/react-native-reanimated/docs/fundamentals/glossary/#animations-in-inline-styling
 WARN  It looks like you might be using shared value's .value inside reanimated inline style. If you want a component to update when shared value changes you should use the shared value directly instead of its current state represented by `.value`. See documentation here: https://docs.swmansion.com/react-native-reanimated/docs/fundamentals/glossary/#animations-in-inline-styling
 WARN  It looks like you might be using shared value's .value inside reanimated inline style. If you want a component to update when shared value changes you should use the shared value directly instead of its current state represented by `.value`. See documentation here: https://docs.swmansion.com/react-native-reanimated/docs/fundamentals/glossary/#animations-in-inline-styling
 WARN  It looks like you might be using shared value's .value inside reanimated inline style. If you want a component to update when shared value changes you should use the shared value directly instead of its current state represented by `.value`. See documentation here: https://docs.swmansion.com/react-native-reanimated/docs/fundamentals/glossary/#animations-in-inline-styling
 WARN  It looks like you might be using shared value's .value inside reanimated inline style. If you want a component to update when shared value changes you should use the shared value directly instead of its current state represented by `.value`. See documentation here: https://docs.swmansion.com/react-native-reanimated/docs/fundamentals/glossary/#animations-in-inline-styling
 WARN  It looks like you might be using shared value's .value inside reanimated inline style. If you want a component to update when shared value changes you should use the shared value directly instead of its current state represented by `.value`. See documentation here: https://docs.swmansion.com/react-native-reanimated/docs/fundamentals/glossary/#animations-in-inline-styling
 WARN  It looks like you might be using shared value's .value inside reanimated inline style. If you want a component to update when shared value changes you should use the shared value directly instead of its current state represented by `.value`. See documentation here: https://docs.swmansion.com/react-native-reanimated/docs/fundamentals/glossary/#animations-in-inline-styling
 WARN  It looks like you might be using shared value's .value inside reanimated inline style. If you want a component to update when shared value changes you should use the shared value directly instead of its current state represented by `.value`. See documentation here: https://docs.swmansion.com/react-native-reanimated/docs/fundamentals/glossary/#animations-in-inline-styling
 WARN  It looks like you might be using shared value's .value inside reanimated inline style. If you want a component to update when shared value changes you should use the shared value directly instead of its current state represented by `.value`. See documentation here: https://docs.swmansion.com/react-native-reanimated/docs/fundamentals/glossary/#animations-in-inline-styling
 WARN  It looks like you might be using shared value's .value inside reanimated inline style. If you want a component to update when shared value changes you should use the shared value directly instead of its current state represented by `.value`. See documentation here: https://docs.swmansion.com/react-native-reanimated/docs/fundamentals/glossary/#animations-in-inline-styling
 WARN  It looks like you might be using shared value's .value inside reanimated inline style. If you want a component to update when shared value changes you should use the shared value directly instead of its current state represented by `.value`. See documentation here: https://docs.swmansion.com/react-native-reanimated/docs/fundamentals/glossary/#animations-in-inline-styling
 WARN  It looks like you might be using shared value's .value inside reanimated inline style. If you want a component to update when shared value changes you should use the shared value directly instead of its current state represented by `.value`. See documentation here: https://docs.swmansion.com/react-native-reanimated/docs/fundamentals/glossary/#animations-in-inline-styling
 WARN  It looks like you might be using shared value's .value inside reanimated inline style. If you want a component to update when shared value changes you should use the shared value directly instead of its current state represented by `.value`. See documentation here: https://docs.swmansion.com/react-native-reanimated/docs/fundamentals/glossary/#animations-in-inline-styling
 WARN  It looks like you might be using shared value's .value inside reanimated inline style. If you want a component to update when shared value changes you should use the shared value directly instead of its current state represented by `.value`. See documentation here: https://docs.swmansion.com/react-native-reanimated/docs/fundamentals/glossary/#animations-in-inline-styling
 WARN  It looks like you might be using shared value's .value inside reanimated inline style. If you want a component to update when shared value changes you should use the shared value directly instead of its current state represented by `.value`. See documentation here: https://docs.swmansion.com/react-native-reanimated/docs/fundamentals/glossary/#animations-in-inline-styling
 WARN  It looks like you might be using shared value's .value inside reanimated inline style. If you want a component to update when shared value changes you should use the shared value directly instead of its current state represented by `.value`. See documentation here: https://docs.swmansion.com/react-native-reanimated/docs/fundamentals/glossary/#animations-in-inline-styling
 WARN  It looks like you might be using shared value's .value inside reanimated inline style. If you want a component to update when shared value changes you should use the shared value directly instead of its current state represented by `.value`. See documentation here: https://docs.swmansion.com/react-native-reanimated/docs/fundamentals/glossary/#animations-in-inline-styling
 WARN  It looks like you might be using shared value's .value inside reanimated inline style. If you want a component to update when shared value changes you should use the shared value directly instead of its current state represented by `.value`. See documentation here: https://docs.swmansion.com/react-native-reanimated/docs/fundamentals/glossary/#animations-in-inline-styling
 WARN  It looks like you might be using shared value's .value inside reanimated inline style. If you want a component to update when shared value changes you should use the shared value directly instead of its current state represented by `.value`. See documentation here: https://docs.swmansion.com/react-native-reanimated/docs/fundamentals/glossary/#animations-in-inline-styling
 WARN  It looks like you might be using shared value's .value inside reanimated inline style. If you want a component to update when shared value changes you should use the shared value directly instead of its current state represented by `.value`. See documentation here: https://docs.swmansion.com/react-native-reanimated/docs/fundamentals/glossary/#animations-in-inline-styling
 WARN  It looks like you might be using shared value's .value inside reanimated inline style. If you want a component to update when shared value changes you should use the shared value directly instead of its current state represented by `.value`. See documentation here: https://docs.swmansion.com/react-native-reanimated/docs/fundamentals/glossary/#animations-in-inline-styling
 WARN  It looks like you might be using shared value's .value inside reanimated inline style. If you want a component to update when shared value changes you should use the shared value directly instead of its current state represented by `.value`. See documentation here: https://docs.swmansion.com/react-native-reanimated/docs/fundamentals/glossary/#animations-in-inline-styling
 WARN  It looks like you might be using shared value's .value inside reanimated inline style. If you want a component to update when shared value changes you should use the shared value directly instead of its current state represented by `.value`. See documentation here: https://docs.swmansion.com/react-native-reanimated/docs/fundamentals/glossary/#animations-in-inline-styling
 WARN  It looks like you might be using shared value's .value inside reanimated inline style. If you want a component to update when shared value changes you should use the shared value directly instead of its current state represented by `.value`. See documentation here: https://docs.swmansion.com/react-native-reanimated/docs/fundamentals/glossary/#animations-in-inline-styling
 WARN  It looks like you might be using shared value's .value inside reanimated inline style. If you want a component to update when shared value changes you should use the shared value directly instead of its current state represented by `.value`. See documentation here: https://docs.swmansion.com/react-native-reanimated/docs/fundamentals/glossary/#animations-in-inline-styling
 WARN  It looks like you might be using shared value's .value inside reanimated inline style. If you want a component to update when shared value changes you should use the shared value directly instead of its current state represented by `.value`. See documentation here: https://docs.swmansion.com/react-native-reanimated/docs/fundamentals/glossary/#animations-in-inline-styling
 WARN  It looks like you might be using shared value's .value inside reanimated inline style. If you want a component to update when shared value changes you should use the shared value directly instead of its current state represented by `.value`. See documentation here: https://docs.swmansion.com/react-native-reanimated/docs/fundamentals/glossary/#animations-in-inline-styling
 WARN  It looks like you might be using shared value's .value inside reanimated inline style. If you want a component to update when shared value changes you should use the shared value directly instead of its current state represented by `.value`. See documentation here: https://docs.swmansion.com/react-native-reanimated/docs/fundamentals/glossary/#animations-in-inline-styling
 WARN  It looks like you might be using shared value's .value inside reanimated inline style. If you want a component to update when shared value changes you should use the shared value directly instead of its current state represented by `.value`. See documentation here: https://docs.swmansion.com/react-native-reanimated/docs/fundamentals/glossary/#animations-in-inline-styling
 WARN  It looks like you might be using shared value's .value inside reanimated inline style. If you want a component to update when shared value changes you should use the shared value directly instead of its current state represented by `.value`. See documentation here: https://docs.swmansion.com/react-native-reanimated/docs/fundamentals/glossary/#animations-in-inline-styling
 WARN  It looks like you might be using shared value's .value inside reanimated inline style. If you want a component to update when shared value changes you should use the shared value directly instead of its current state represented by `.value`. See documentation here: https://docs.swmansion.com/react-native-reanimated/docs/fundamentals/glossary/#animations-in-inline-styling
 WARN  It looks like you might be using shared value's .value inside reanimated inline style. If you want a component to update when shared value changes you should use the shared value directly instead of its current state represented by `.value`. See documentation here: https://docs.swmansion.com/react-native-reanimated/docs/fundamentals/glossary/#animations-in-inline-styling
 WARN  It looks like you might be using shared value's .value inside reanimated inline style. If you want a component to update when shared value changes you should use the shared value directly instead of its current state represented by `.value`. See documentation here: https://docs.swmansion.com/react-native-reanimated/docs/fundamentals/glossary/#animations-in-inline-styling
 WARN  It looks like you might be using shared value's .value inside reanimated inline style. If you want a component to update when shared value changes you should use the shared value directly instead of its current state represented by `.value`. See documentation here: https://docs.swmansion.com/react-native-reanimated/docs/fundamentals/glossary/#animations-in-inline-styling
 WARN  It looks like you might be using shared value's .value inside reanimated inline style. If you want a component to update when shared value changes you should use the shared value directly instead of its current state represented by `.value`. See documentation here: https://docs.swmansion.com/react-native-reanimated/docs/fundamentals/glossary/#animations-in-inline-styling
 WARN  It looks like you might be using shared value's .value inside reanimated inline style. If you want a component to update when shared value changes you should use the shared value directly instead of its current state represented by `.value`. See documentation here: https://docs.swmansion.com/react-native-reanimated/docs/fundamentals/glossary/#animations-in-inline-styling
 WARN  It looks like you might be using shared value's .value inside reanimated inline style. If you want a component to update when shared value changes you should use the shared value directly instead of its current state represented by `.value`. See documentation here: https://docs.swmansion.com/react-native-reanimated/docs/fundamentals/glossary/#animations-in-inline-styling
 WARN  It looks like you might be using shared value's .value inside reanimated inline style. If you want a component to update when shared value changes you should use the shared value directly instead of its current state represented by `.value`. See documentation here: https://docs.swmansion.com/react-native-reanimated/docs/fundamentals/glossary/#animations-in-inline-styling
 WARN  It looks like you might be using shared value's .value inside reanimated inline style. If you want a component to update when shared value changes you should use the shared value directly instead of its current state represented by `.value`. See documentation here: https://docs.swmansion.com/react-native-reanimated/docs/fundamentals/glossary/#animations-in-inline-styling
 WARN  It looks like you might be using shared value's .value inside reanimated inline style. If you want a component to update when shared value changes you should use the shared value directly instead of its current state represented by `.value`. See documentation here: https://docs.swmansion.com/react-native-reanimated/docs/fundamentals/glossary/#animations-in-inline-styling
 WARN  It looks like you might be using shared value's .value inside reanimated inline style. If you want a component to update when shared value changes you should use the shared value directly instead of its current state represented by `.value`. See documentation here: https://docs.swmansion.com/react-native-reanimated/docs/fundamentals/glossary/#animations-in-inline-styling
 WARN  It looks like you might be using shared value's .value inside reanimated inline style. If you want a component to update when shared value changes you should use the shared value directly instead of its current state represented by `.value`. See documentation here: https://docs.swmansion.com/react-native-reanimated/docs/fundamentals/glossary/#animations-in-inline-styling
 WARN  It looks like you might be using shared value's .value inside reanimated inline style. If you want a component to update when shared value changes you should use the shared value directly instead of its current state represented by `.value`. See documentation here: https://docs.swmansion.com/react-native-reanimated/docs/fundamentals/glossary/#animations-in-inline-styling
 WARN  It looks like you might be using shared value's .value inside reanimated inline style. If you want a component to update when shared value changes you should use the shared value directly instead of its current state represented by `.value`. See documentation here: https://docs.swmansion.com/react-native-reanimated/docs/fundamentals/glossary/#animations-in-inline-styling
 WARN  It looks like you might be using shared value's .value inside reanimated inline style. If you want a component to update when shared value changes you should use the shared value directly instead of its current state represented by `.value`. See documentation here: https://docs.swmansion.com/react-native-reanimated/docs/fundamentals/glossary/#animations-in-inline-styling
 WARN  It looks like you might be using shared value's .value inside reanimated inline style. If you want a component to update when shared value changes you should use the shared value directly instead of its current state represented by `.value`. See documentation here: https://docs.swmansion.com/react-native-reanimated/docs/fundamentals/glossary/#animations-in-inline-styling
 WARN  It looks like you might be using shared value's .value inside reanimated inline style. If you want a component to update when shared value changes you should use the shared value directly instead of its current state represented by `.value`. See documentation here: https://docs.swmansion.com/react-native-reanimated/docs/fundamentals/glossary/#animations-in-inline-styling
 WARN  It looks like you might be using shared value's .value inside reanimated inline style. If you want a component to update when shared value changes you should use the shared value directly instead of its current state represented by `.value`. See documentation here: https://docs.swmansion.com/react-native-reanimated/docs/fundamentals/glossary/#animations-in-inline-styling
 WARN  It looks like you might be using shared value's .value inside reanimated inline style. If you want a component to update when shared value changes you should use the shared value directly instead of its current state represented by `.value`. See documentation here: https://docs.swmansion.com/react-native-reanimated/docs/fundamentals/glossary/#animations-in-inline-styling
 WARN  It looks like you might be using shared value's .value inside reanimated inline style. If you want a component to update when shared value changes you should use the shared value directly instead of its current state represented by `.value`. See documentation here: https://docs.swmansion.com/react-native-reanimated/docs/fundamentals/glossary/#animations-in-inline-styling
 WARN  It looks like you might be using shared value's .value inside reanimated inline style. If you want a component to update when shared value changes you should use the shared value directly instead of its current state represented by `.value`. See documentation here: https://docs.swmansion.com/react-native-reanimated/docs/fundamentals/glossary/#animations-in-inline-styling
 WARN  It looks like you might be using shared value's .value inside reanimated inline style. If you want a component to update when shared value changes you should use the shared value directly instead of its current state represented by `.value`. See documentation here: https://docs.swmansion.com/react-native-reanimated/docs/fundamentals/glossary/#animations-in-inline-styling
 WARN  It looks like you might be using shared value's .value inside reanimated inline style. If you want a component to update when shared value changes you should use the shared value directly instead of its current state represented by `.value`. See documentation here: https://docs.swmansion.com/react-native-reanimated/docs/fundamentals/glossary/#animations-in-inline-styling
 WARN  It looks like you might be using shared value's .value inside reanimated inline style. If you want a component to update when shared value changes you should use the shared value directly instead of its current state represented by `.value`. See documentation here: https://docs.swmansion.com/react-native-reanimated/docs/fundamentals/glossary/#animations-in-inline-styling
 WARN  It looks like you might be using shared value's .value inside reanimated inline style. If you want a component to update when shared value changes you should use the shared value directly instead of its current state represented by `.value`. See documentation here: https://docs.swmansion.com/react-native-reanimated/docs/fundamentals/glossary/#animations-in-inline-styling
 WARN  It looks like you might be using shared value's .value inside reanimated inline style. If you want a component to update when shared value changes you should use the shared value directly instead of its current state represented by `.value`. See documentation here: https://docs.swmansion.com/react-native-reanimated/docs/fundamentals/glossary/#animations-in-inline-styling
 WARN  It looks like you might be using shared value's .value inside reanimated inline style. If you want a component to update when shared value changes you should use the shared value directly instead of its current state represented by `.value`. See documentation here: https://docs.swmansion.com/react-native-reanimated/docs/fundamentals/glossary/#animations-in-inline-styling
 WARN  It looks like you might be using shared value's .value inside reanimated inline style. If you want a component to update when shared value changes you should use the shared value directly instead of its current state represented by `.value`. See documentation here: https://docs.swmansion.com/react-native-reanimated/docs/fundamentals/glossary/#animations-in-inline-styling
 WARN  It looks like you might be using shared value's .value inside reanimated inline style. If you want a component to update when shared value changes you should use the shared value directly instead of its current state represented by `.value`. See documentation here: https://docs.swmansion.com/react-native-reanimated/docs/fundamentals/glossary/#animations-in-inline-styling
 WARN  It looks like you might be using shared value's .value inside reanimated inline style. If you want a component to update when shared value changes you should use the shared value directly instead of its current state represented by `.value`. See documentation here: https://docs.swmansion.com/react-native-reanimated/docs/fundamentals/glossary/#animations-in-inline-styling
 WARN  It looks like you might be using shared value's .value inside reanimated inline style. If you want a component to update when shared value changes you should use the shared value directly instead of its current state represented by `.value`. See documentation here: https://docs.swmansion.com/react-native-reanimated/docs/fundamentals/glossary/#animations-in-inline-styling
 WARN  It looks like you might be using shared value's .value inside reanimated inline style. If you want a component to update when shared value changes you should use the shared value directly instead of its current state represented by `.value`. See documentation here: https://docs.swmansion.com/react-native-reanimated/docs/fundamentals/glossary/#animations-in-inline-styling
 WARN  It looks like you might be using shared value's .value inside reanimated inline style. If you want a component to update when shared value changes you should use the shared value directly instead of its current state represented by `.value`. See documentation here: https://docs.swmansion.com/react-native-reanimated/docs/fundamentals/glossary/#animations-in-inline-styling
 WARN  It looks like you might be using shared value's .value inside reanimated inline style. If you want a component to update when shared value changes you should use the shared value directly instead of its current state represented by `.value`. See documentation here: https://docs.swmansion.com/react-native-reanimated/docs/fundamentals/glossary/#animations-in-inline-styling
 WARN  It looks like you might be using shared value's .value inside reanimated inline style. If you want a component to update when shared value changes you should use the shared value directly instead of its current state represented by `.value`. See documentation here: https://docs.swmansion.com/react-native-reanimated/docs/fundamentals/glossary/#animations-in-inline-styling
 WARN  It looks like you might be using shared value's .value inside reanimated inline style. If you want a component to update when shared value changes you should use the shared value directly instead of its current state represented by `.value`. See documentation here: https://docs.swmansion.com/react-native-reanimated/docs/fundamentals/glossary/#animations-in-inline-styling
 WARN  It looks like you might be using shared value's .value inside reanimated inline style. If you want a component to update when shared value changes you should use the shared value directly instead of its current state represented by `.value`. See documentation here: https://docs.swmansion.com/react-native-reanimated/docs/fundamentals/glossary/#animations-in-inline-styling
 WARN  It looks like you might be using shared value's .value inside reanimated inline style. If you want a component to update when shared value changes you should use the shared value directly instead of its current state represented by `.value`. See documentation here: https://docs.swmansion.com/react-native-reanimated/docs/fundamentals/glossary/#animations-in-inline-styling
 WARN  It looks like you might be using shared value's .value inside reanimated inline style. If you want a component to update when shared value changes you should use the shared value directly instead of its current state represented by `.value`. See documentation here: https://docs.swmansion.com/react-native-reanimated/docs/fundamentals/glossary/#animations-in-inline-styling
 WARN  It looks like you might be using shared value's .value inside reanimated inline style. If you want a component to update when shared value changes you should use the shared value directly instead of its current state represented by `.value`. See documentation here: https://docs.swmansion.com/react-native-reanimated/docs/fundamentals/glossary/#animations-in-inline-styling
 WARN  It looks like you might be using shared value's .value inside reanimated inline style. If you want a component to update when shared value changes you should use the shared value directly instead of its current state represented by `.value`. See documentation here: https://docs.swmansion.com/react-native-reanimated/docs/fundamentals/glossary/#animations-in-inline-styling
 WARN  It looks like you might be using shared value's .value inside reanimated inline style. If you want a component to update when shared value changes you should use the shared value directly instead of its current state represented by `.value`. See documentation here: https://docs.swmansion.com/react-native-reanimated/docs/fundamentals/glossary/#animations-in-inline-styling
 WARN  It looks like you might be using shared value's .value inside reanimated inline style. If you want a component to update when shared value changes you should use the shared value directly instead of its current state represented by `.value`. See documentation here: https://docs.swmansion.com/react-native-reanimated/docs/fundamentals/glossary/#animations-in-inline-styling
 WARN  It looks like you might be using shared value's .value inside reanimated inline style. If you want a component to update when shared value changes you should use the shared value directly instead of its current state represented by `.value`. See documentation here: https://docs.swmansion.com/react-native-reanimated/docs/fundamentals/glossary/#animations-in-inline-styling
 WARN  It looks like you might be using shared value's .value inside reanimated inline style. If you want a component to update when shared value changes you should use the shared value directly instead of its current state represented by `.value`. See documentation here: https://docs.swmansion.com/react-native-reanimated/docs/fundamentals/glossary/#animations-in-inline-styling
 WARN  It looks like you might be using shared value's .value inside reanimated inline style. If you want a component to update when shared value changes you should use the shared value directly instead of its current state represented by `.value`. See documentation here: https://docs.swmansion.com/react-native-reanimated/docs/fundamentals/glossary/#animations-in-inline-styling
 WARN  It looks like you might be using shared value's .value inside reanimated inline style. If you want a component to update when shared value changes you should use the shared value directly instead of its current state represented by `.value`. See documentation here: https://docs.swmansion.com/react-native-reanimated/docs/fundamentals/glossary/#animations-in-inline-styling
 WARN  It looks like you might be using shared value's .value inside reanimated inline style. If you want a component to update when shared value changes you should use the shared value directly instead of its current state represented by `.value`. See documentation here: https://docs.swmansion.com/react-native-reanimated/docs/fundamentals/glossary/#animations-in-inline-styling
 WARN  It looks like you might be using shared value's .value inside reanimated inline style. If you want a component to update when shared value changes you should use the shared value directly instead of its current state represented by `.value`. See documentation here: https://docs.swmansion.com/react-native-reanimated/docs/fundamentals/glossary/#animations-in-inline-styling
 WARN  It looks like you might be using shared value's .value inside reanimated inline style. If you want a component to update when shared value changes you should use the shared value directly instead of its current state represented by `.value`. See documentation here: https://docs.swmansion.com/react-native-reanimated/docs/fundamentals/glossary/#animations-in-inline-styling
 WARN  It looks like you might be using shared value's .value inside reanimated inline style. If you want a component to update when shared value changes you should use the shared value directly instead of its current state represented by `.value`. See documentation here: https://docs.swmansion.com/react-native-reanimated/docs/fundamentals/glossary/#animations-in-inline-styling
 WARN  It looks like you might be using shared value's .value inside reanimated inline style. If you want a component to update when shared value changes you should use the shared value directly instead of its current state represented by `.value`. See documentation here: https://docs.swmansion.com/react-native-reanimated/docs/fundamentals/glossary/#animations-in-inline-styling
 WARN  It looks like you might be using shared value's .value inside reanimated inline style. If you want a component to update when shared value changes you should use the shared value directly instead of its current state represented by `.value`. See documentation here: https://docs.swmansion.com/react-native-reanimated/docs/fundamentals/glossary/#animations-in-inline-styling
 WARN  It looks like you might be using shared value's .value inside reanimated inline style. If you want a component to update when shared value changes you should use the shared value directly instead of its current state represented by `.value`. See documentation here: https://docs.swmansion.com/react-native-reanimated/docs/fundamentals/glossary/#animations-in-inline-styling
 WARN  It looks like you might be using shared value's .value inside reanimated inline style. If you want a component to update when shared value changes you should use the shared value directly instead of its current state represented by `.value`. See documentation here: https://docs.swmansion.com/react-native-reanimated/docs/fundamentals/glossary/#animations-in-inline-styling
 WARN  It looks like you might be using shared value's .value inside reanimated inline style. If you want a component to update when shared value changes you should use the shared value directly instead of its current state represented by `.value`. See documentation here: https://docs.swmansion.com/react-native-reanimated/docs/fundamentals/glossary/#animations-in-inline-styling
 WARN  It looks like you might be using shared value's .value inside reanimated inline style. If you want a component to update when shared value changes you should use the shared value directly instead of its current state represented by `.value`. See documentation here: https://docs.swmansion.com/react-native-reanimated/docs/fundamentals/glossary/#animations-in-inline-styling
 WARN  It looks like you might be using shared value's .value inside reanimated inline style. If you want a component to update when shared value changes you should use the shared value directly instead of its current state represented by `.value`. See documentation here: https://docs.swmansion.com/react-native-reanimated/docs/fundamentals/glossary/#animations-in-inline-styling
 WARN  It looks like you might be using shared value's .value inside reanimated inline style. If you want a component to update when shared value changes you should use the shared value directly instead of its current state represented by `.value`. See documentation here: https://docs.swmansion.com/react-native-reanimated/docs/fundamentals/glossary/#animations-in-inline-styling
 WARN  It looks like you might be using shared value's .value inside reanimated inline style. If you want a component to update when shared value changes you should use the shared value directly instead of its current state represented by `.value`. See documentation here: https://docs.swmansion.com/react-native-reanimated/docs/fundamentals/glossary/#animations-in-inline-styling
 WARN  It looks like you might be using shared value's .value inside reanimated inline style. If you want a component to update when shared value changes you should use the shared value directly instead of its current state represented by `.value`. See documentation here: https://docs.swmansion.com/react-native-reanimated/docs/fundamentals/glossary/#animations-in-inline-styling
 WARN  It looks like you might be using shared value's .value inside reanimated inline style. If you want a component to update when shared value changes you should use the shared value directly instead of its current state represented by `.value`. See documentation here: https://docs.swmansion.com/react-native-reanimated/docs/fundamentals/glossary/#animations-in-inline-styling
 WARN  It looks like you might be using shared value's .value inside reanimated inline style. If you want a component to update when shared value changes you should use the shared value directly instead of its current state represented by `.value`. See documentation here: https://docs.swmansion.com/react-native-reanimated/docs/fundamentals/glossary/#animations-in-inline-styling
 WARN  It looks like you might be using shared value's .value inside reanimated inline style. If you want a component to update when shared value changes you should use the shared value directly instead of its current state represented by `.value`. See documentation here: https://docs.swmansion.com/react-native-reanimated/docs/fundamentals/glossary/#animations-in-inline-styling
 WARN  It looks like you might be using shared value's .value inside reanimated inline style. If you want a component to update when shared value changes you should use the shared value directly instead of its current state represented by `.value`. See documentation here: https://docs.swmansion.com/react-native-reanimated/docs/fundamentals/glossary/#animations-in-inline-styling
 WARN  It looks like you might be using shared value's .value inside reanimated inline style. If you want a component to update when shared value changes you should use the shared value directly instead of its current state represented by `.value`. See documentation here: https://docs.swmansion.com/react-native-reanimated/docs/fundamentals/glossary/#animations-in-inline-styling
 WARN  It looks like you might be using shared value's .value inside reanimated inline style. If you want a component to update when shared value changes you should use the shared value directly instead of its current state represented by `.value`. See documentation here: https://docs.swmansion.com/react-native-reanimated/docs/fundamentals/glossary/#animations-in-inline-styling
 WARN  It looks like you might be using shared value's .value inside reanimated inline style. If you want a component to update when shared value changes you should use the shared value directly instead of its current state represented by `.value`. See documentation here: https://docs.swmansion.com/react-native-reanimated/docs/fundamentals/glossary/#animations-in-inline-styling
 WARN  It looks like you might be using shared value's .value inside reanimated inline style. If you want a component to update when shared value changes you should use the shared value directly instead of its current state represented by `.value`. See documentation here: https://docs.swmansion.com/react-native-reanimated/docs/fundamentals/glossary/#animations-in-inline-styling
 WARN  It looks like you might be using shared value's .value inside reanimated inline style. If you want a component to update when shared value changes you should use the shared value directly instead of its current state represented by `.value`. See documentation here: https://docs.swmansion.com/react-native-reanimated/docs/fundamentals/glossary/#animations-in-inline-styling
 WARN  It looks like you might be using shared value's .value inside reanimated inline style. If you want a component to update when shared value changes you should use the shared value directly instead of its current state represented by `.value`. See documentation here: https://docs.swmansion.com/react-native-reanimated/docs/fundamentals/glossary/#animations-in-inline-styling
 WARN  It looks like you might be using shared value's .value inside reanimated inline style. If you want a component to update when shared value changes you should use the shared value directly instead of its current state represented by `.value`. See documentation here: https://docs.swmansion.com/react-native-reanimated/docs/fundamentals/glossary/#animations-in-inline-styling
 WARN  It looks like you might be using shared value's .value inside reanimated inline style. If you want a component to update when shared value changes you should use the shared value directly instead of its current state represented by `.value`. See documentation here: https://docs.swmansion.com/react-native-reanimated/docs/fundamentals/glossary/#animations-in-inline-styling
 WARN  It looks like you might be using shared value's .value inside reanimated inline style. If you want a component to update when shared value changes you should use the shared value directly instead of its current state represented by `.value`. See documentation here: https://docs.swmansion.com/react-native-reanimated/docs/fundamentals/glossary/#animations-in-inline-styling
 WARN  It looks like you might be using shared value's .value inside reanimated inline style. If you want a component to update when shared value changes you should use the shared value directly instead of its current state represented by `.value`. See documentation here: https://docs.swmansion.com/react-native-reanimated/docs/fundamentals/glossary/#animations-in-inline-styling
 WARN  It looks like you might be using shared value's .value inside reanimated inline style. If you want a component to update when shared value changes you should use the shared value directly instead of its current state represented by `.value`. See documentation here: https://docs.swmansion.com/react-native-reanimated/docs/fundamentals/glossary/#animations-in-inline-styling
 WARN  It looks like you might be using shared value's .value inside reanimated inline style. If you want a component to update when shared value changes you should use the shared value directly instead of its current state represented by `.value`. See documentation here: https://docs.swmansion.com/react-native-reanimated/docs/fundamentals/glossary/#animations-in-inline-styling
 WARN  It looks like you might be using shared value's .value inside reanimated inline style. If you want a component to update when shared value changes you should use the shared value directly instead of its current state represented by `.value`. See documentation here: https://docs.swmansion.com/react-native-reanimated/docs/fundamentals/glossary/#animations-in-inline-styling
 WARN  It looks like you might be using shared value's .value inside reanimated inline style. If you want a component to update when shared value changes you should use the shared value directly instead of its current state represented by `.value`. See documentation here: https://docs.swmansion.com/react-native-reanimated/docs/fundamentals/glossary/#animations-in-inline-styling
 WARN  It looks like you might be using shared value's .value inside reanimated inline style. If you want a component to update when shared value changes you should use the shared value directly instead of its current state represented by `.value`. See documentation here: https://docs.swmansion.com/react-native-reanimated/docs/fundamentals/glossary/#animations-in-inline-styling
 WARN  It looks like you might be using shared value's .value inside reanimated inline style. If you want a component to update when shared value changes you should use the shared value directly instead of its current state represented by `.value`. See documentation here: https://docs.swmansion.com/react-native-reanimated/docs/fundamentals/glossary/#animations-in-inline-styling
 WARN  It looks like you might be using shared value's .value inside reanimated inline style. If you want a component to update when shared value changes you should use the shared value directly instead of its current state represented by `.value`. See documentation here: https://docs.swmansion.com/react-native-reanimated/docs/fundamentals/glossary/#animations-in-inline-styling
 WARN  It looks like you might be using shared value's .value inside reanimated inline style. If you want a component to update when shared value changes you should use the shared value directly instead of its current state represented by `.value`. See documentation here: https://docs.swmansion.com/react-native-reanimated/docs/fundamentals/glossary/#animations-in-inline-styling
 WARN  It looks like you might be using shared value's .value inside reanimated inline style. If you want a component to update when shared value changes you should use the shared value directly instead of its current state represented by `.value`. See documentation here: https://docs.swmansion.com/react-native-reanimated/docs/fundamentals/glossary/#animations-in-inline-styling
 WARN  It looks like you might be using shared value's .value inside reanimated inline style. If you want a component to update when shared value changes you should use the shared value directly instead of its current state represented by `.value`. See documentation here: https://docs.swmansion.com/react-native-reanimated/docs/fundamentals/glossary/#animations-in-inline-styling
 WARN  It looks like you might be using shared value's .value inside reanimated inline style. If you want a component to update when shared value changes you should use the shared value directly instead of its current state represented by `.value`. See documentation here: https://docs.swmansion.com/react-native-reanimated/docs/fundamentals/glossary/#animations-in-inline-styling
 WARN  It looks like you might be using shared value's .value inside reanimated inline style. If you want a component to update when shared value changes you should use the shared value directly instead of its current state represented by `.value`. See documentation here: https://docs.swmansion.com/react-native-reanimated/docs/fundamentals/glossary/#animations-in-inline-styling
 WARN  It looks like you might be using shared value's .value inside reanimated inline style. If you want a component to update when shared value changes you should use the shared value directly instead of its current state represented by `.value`. See documentation here: https://docs.swmansion.com/react-native-reanimated/docs/fundamentals/glossary/#animations-in-inline-styling
 WARN  It looks like you might be using shared value's .value inside reanimated inline style. If you want a component to update when shared value changes you should use the shared value directly instead of its current state represented by `.value`. See documentation here: https://docs.swmansion.com/react-native-reanimated/docs/fundamentals/glossary/#animations-in-inline-styling
 WARN  It looks like you might be using shared value's .value inside reanimated inline style. If you want a component to update when shared value changes you should use the shared value directly instead of its current state represented by `.value`. See documentation here: https://docs.swmansion.com/react-native-reanimated/docs/fundamentals/glossary/#animations-in-inline-styling
 ERROR  [Notifications] Failed to get push token: [Error: Make sure to complete the guide at https://docs.expo.dev/push-notifications/fcm-credentials/ : Default FirebaseApp is not initialized in this process com.frequenc.app. Make sure to call FirebaseApp.initializeApp(Context) first.]
 WARN  [Forecast] AI service not configured
 WARN  It looks like you might be using shared value's .value inside reanimated inline style. If you want a component to update when shared value changes you should use the shared value directly instead of its current state represented by `.value`. See documentation here: https://docs.swmansion.com/react-native-reanimated/docs/fundamentals/glossary/#animations-in-inline-styling
 WARN  It looks like you might be using shared value's .value inside reanimated inline style. If you want a component to update when shared value changes you should use the shared value directly instead of its current state represented by `.value`. See documentation here: https://docs.swmansion.com/react-native-reanimated/docs/fundamentals/glossary/#animations-in-inline-styling
 WARN  It looks like you might be using shared value's .value inside reanimated inline style. If you want a component to update when shared value changes you should use the shared value directly instead of its current state represented by `.value`. See documentation here: https://docs.swmansion.com/react-native-reanimated/docs/fundamentals/glossary/#animations-in-inline-styling
 WARN  It looks like you might be using shared value's .value inside reanimated inline style. If you want a component to update when shared value changes you should use the shared value directly instead of its current state represented by `.value`. See documentation here: https://docs.swmansion.com/react-native-reanimated/docs/fundamentals/glossary/#animations-in-inline-styling
 WARN  It looks like you might be using shared value's .value inside reanimated inline style. If you want a component to update when shared value changes you should use the shared value directly instead of its current state represented by `.value`. See documentation here: https://docs.swmansion.com/react-native-reanimated/docs/fundamentals/glossary/#animations-in-inline-styling
 WARN  It looks like you might be using shared value's .value inside reanimated inline style. If you want a component to update when shared value changes you should use the shared value directly instead of its current state represented by `.value`. See documentation here: https://docs.swmansion.com/react-native-reanimated/docs/fundamentals/glossary/#animations-in-inline-styling
 WARN  It looks like you might be using shared value's .value inside reanimated inline style. If you want a component to update when shared value changes you should use the shared value directly instead of its current state represented by `.value`. See documentation here: https://docs.swmansion.com/react-native-reanimated/docs/fundamentals/glossary/#animations-in-inline-styling
 WARN  It looks like you might be using shared value's .value inside reanimated inline style. If you want a component to update when shared value changes you should use the shared value directly instead of its current state represented by `.value`. See documentation here: https://docs.swmansion.com/react-native-reanimated/docs/fundamentals/glossary/#animations-in-inline-styling
 WARN  It looks like you might be using shared value's .value inside reanimated inline style. If you want a component to update when shared value changes you should use the shared value directly instead of its current state represented by `.value`. See documentation here: https://docs.swmansion.com/react-native-reanimated/docs/fundamentals/glossary/#animations-in-inline-styling
 WARN  It looks like you might be using shared value's .value inside reanimated inline style. If you want a component to update when shared value changes you should use the shared value directly instead of its current state represented by `.value`. See documentation here: https://docs.swmansion.com/react-native-reanimated/docs/fundamentals/glossary/#animations-in-inline-styling
 WARN  It looks like you might be using shared value's .value inside reanimated inline style. If you want a component to update when shared value changes you should use the shared value directly instead of its current state represented by `.value`. See documentation here: https://docs.swmansion.com/react-native-reanimated/docs/fundamentals/glossary/#animations-in-inline-styling
 WARN  It looks like you might be using shared value's .value inside reanimated inline style. If you want a component to update when shared value changes you should use the shared value directly instead of its current state represented by `.value`. See documentation here: https://docs.swmansion.com/react-native-reanimated/docs/fundamentals/glossary/#animations-in-inline-styling
 WARN  It looks like you might be using shared value's .value inside reanimated inline style. If you want a component to update when shared value changes you should use the shared value directly instead of its current state represented by `.value`. See documentation here: https://docs.swmansion.com/react-native-reanimated/docs/fundamentals/glossary/#animations-in-inline-styling
 WARN  It looks like you might be using shared value's .value inside reanimated inline style. If you want a component to update when shared value changes you should use the shared value directly instead of its current state represented by `.value`. See documentation here: https://docs.swmansion.com/react-native-reanimated/docs/fundamentals/glossary/#animations-in-inline-styling
 WARN  It looks like you might be using shared value's .value inside reanimated inline style. If you want a component to update when shared value changes you should use the shared value directly instead of its current state represented by `.value`. See documentation here: https://docs.swmansion.com/react-native-reanimated/docs/fundamentals/glossary/#animations-in-inline-styling
 WARN  It looks like you might be using shared value's .value inside reanimated inline style. If you want a component to update when shared value changes you should use the shared value directly instead of its current state represented by `.value`. See documentation here: https://docs.swmansion.com/react-native-reanimated/docs/fundamentals/glossary/#animations-in-inline-styling
 WARN  It looks like you might be using shared value's .value inside reanimated inline style. If you want a component to update when shared value changes you should use the shared value directly instead of its current state represented by `.value`. See documentation here: https://docs.swmansion.com/react-native-reanimated/docs/fundamentals/glossary/#animations-in-inline-styling
 WARN  It looks like you might be using shared value's .value inside reanimated inline style. If you want a component to update when shared value changes you should use the shared value directly instead of its current state represented by `.value`. See documentation here: https://docs.swmansion.com/react-native-reanimated/docs/fundamentals/glossary/#animations-in-inline-styling
 WARN  It looks like you might be using shared value's .value inside reanimated inline style. If you want a component to update when shared value changes you should use the shared value directly instead of its current state represented by `.value`. See documentation here: https://docs.swmansion.com/react-native-reanimated/docs/fundamentals/glossary/#animations-in-inline-styling
 WARN  It looks like you might be using shared value's .value inside reanimated inline style. If you want a component to update when shared value changes you should use the shared value directly instead of its current state represented by `.value`. See documentation here: https://docs.swmansion.com/react-native-reanimated/docs/fundamentals/glossary/#animations-in-inline-styling
 WARN  It looks like you might be using shared value's .value inside reanimated inline style. If you want a component to update when shared value changes you should use the shared value directly instead of its current state represented by `.value`. See documentation here: https://docs.swmansion.com/react-native-reanimated/docs/fundamentals/glossary/#animations-in-inline-styling
 WARN  It looks like you might be using shared value's .value inside reanimated inline style. If you want a component to update when shared value changes you should use the shared value directly instead of its current state represented by `.value`. See documentation here: https://docs.swmansion.com/react-native-reanimated/docs/fundamentals/glossary/#animations-in-inline-styling
 WARN  It looks like you might be using shared value's .value inside reanimated inline style. If you want a component to update when shared value changes you should use the shared value directly instead of its current state represented by `.value`. See documentation here: https://docs.swmansion.com/react-native-reanimated/docs/fundamentals/glossary/#animations-in-inline-styling
 WARN  It looks like you might be using shared value's .value inside reanimated inline style. If you want a component to update when shared value changes you should use the shared value directly instead of its current state represented by `.value`. See documentation here: https://docs.swmansion.com/react-native-reanimated/docs/fundamentals/glossary/#animations-in-inline-styling
 WARN  It looks like you might be using shared value's .value inside reanimated inline style. If you want a component to update when shared value changes you should use the shared value directly instead of its current state represented by `.value`. See documentation here: https://docs.swmansion.com/react-native-reanimated/docs/fundamentals/glossary/#animations-in-inline-styling
 WARN  It looks like you might be using shared value's .value inside reanimated inline style. If you want a component to update when shared value changes you should use the shared value directly instead of its current state represented by `.value`. See documentation here: https://docs.swmansion.com/react-native-reanimated/docs/fundamentals/glossary/#animations-in-inline-styling
 WARN  It looks like you might be using shared value's .value inside reanimated inline style. If you want a component to update when shared value changes you should use the shared value directly instead of its current state represented by `.value`. See documentation here: https://docs.swmansion.com/react-native-reanimated/docs/fundamentals/glossary/#animations-in-inline-styling
 WARN  It looks like you might be using shared value's .value inside reanimated inline style. If you want a component to update when shared value changes you should use the shared value directly instead of its current state represented by `.value`. See documentation here: https://docs.swmansion.com/react-native-reanimated/docs/fundamentals/glossary/#animations-in-inline-styling
 WARN  It looks like you might be using shared value's .value inside reanimated inline style. If you want a component to update when shared value changes you should use the shared value directly instead of its current state represented by `.value`. See documentation here: https://docs.swmansion.com/react-native-reanimated/docs/fundamentals/glossary/#animations-in-inline-styling
 WARN  It looks like you might be using shared value's .value inside reanimated inline style. If you want a component to update when shared value changes you should use the shared value directly instead of its current state represented by `.value`. See documentation here: https://docs.swmansion.com/react-native-reanimated/docs/fundamentals/glossary/#animations-in-inline-styling
 WARN  It looks like you might be using shared value's .value inside reanimated inline style. If you want a component to update when shared value changes you should use the shared value directly instead of its current state represented by `.value`. See documentation here: https://docs.swmansion.com/react-native-reanimated/docs/fundamentals/glossary/#animations-in-inline-styling
 WARN  It looks like you might be using shared value's .value inside reanimated inline style. If you want a component to update when shared value changes you should use the shared value directly instead of its current state represented by `.value`. See documentation here: https://docs.swmansion.com/react-native-reanimated/docs/fundamentals/glossary/#animations-in-inline-styling
 WARN  It looks like you might be using shared value's .value inside reanimated inline style. If you want a component to update when shared value changes you should use the shared value directly instead of its current state represented by `.value`. See documentation here: https://docs.swmansion.com/react-native-reanimated/docs/fundamentals/glossary/#animations-in-inline-styling
 WARN  It looks like you might be using shared value's .value inside reanimated inline style. If you want a component to update when shared value changes you should use the shared value directly instead of its current state represented by `.value`. See documentation here: https://docs.swmansion.com/react-native-reanimated/docs/fundamentals/glossary/#animations-in-inline-styling
 WARN  It looks like you might be using shared value's .value inside reanimated inline style. If you want a component to update when shared value changes you should use the shared value directly instead of its current state represented by `.value`. See documentation here: https://docs.swmansion.com/react-native-reanimated/docs/fundamentals/glossary/#animations-in-inline-styling
 WARN  It looks like you might be using shared value's .value inside reanimated inline style. If you want a component to update when shared value changes you should use the shared value directly instead of its current state represented by `.value`. See documentation here: https://docs.swmansion.com/react-native-reanimated/docs/fundamentals/glossary/#animations-in-inline-styling
 WARN  It looks like you might be using shared value's .value inside reanimated inline style. If you want a component to update when shared value changes you should use the shared value directly instead of its current state represented by `.value`. See documentation here: https://docs.swmansion.com/react-native-reanimated/docs/fundamentals/glossary/#animations-in-inline-styling
 WARN  It looks like you might be using shared value's .value inside reanimated inline style. If you want a component to update when shared value changes you should use the shared value directly instead of its current state represented by `.value`. See documentation here: https://docs.swmansion.com/react-native-reanimated/docs/fundamentals/glossary/#animations-in-inline-styling
 WARN  It looks like you might be using shared value's .value inside reanimated inline style. If you want a component to update when shared value changes you should use the shared value directly instead of its current state represented by `.value`. See documentation here: https://docs.swmansion.com/react-native-reanimated/docs/fundamentals/glossary/#animations-in-inline-styling
 WARN  It looks like you might be using shared value's .value inside reanimated inline style. If you want a component to update when shared value changes you should use the shared value directly instead of its current state represented by `.value`. See documentation here: https://docs.swmansion.com/react-native-reanimated/docs/fundamentals/glossary/#animations-in-inline-styling
 WARN  It looks like you might be using shared value's .value inside reanimated inline style. If you want a component to update when shared value changes you should use the shared value directly instead of its current state represented by `.value`. See documentation here: https://docs.swmansion.com/react-native-reanimated/docs/fundamentals/glossary/#animations-in-inline-styling
 WARN  It looks like you might be using shared value's .value inside reanimated inline style. If you want a component to update when shared value changes you should use the shared value directly instead of its current state represented by `.value`. See documentation here: https://docs.swmansion.com/react-native-reanimated/docs/fundamentals/glossary/#animations-in-inline-styling
 WARN  It looks like you might be using shared value's .value inside reanimated inline style. If you want a component to update when shared value changes you should use the shared value directly instead of its current state represented by `.value`. See documentation here: https://docs.swmansion.com/react-native-reanimated/docs/fundamentals/glossary/#animations-in-inline-styling
 WARN  It looks like you might be using shared value's .value inside reanimated inline style. If you want a component to update when shared value changes you should use the shared value directly instead of its current state represented by `.value`. See documentation here: https://docs.swmansion.com/react-native-reanimated/docs/fundamentals/glossary/#animations-in-inline-styling
 WARN  It looks like you might be using shared value's .value inside reanimated inline style. If you want a component to update when shared value changes you should use the shared value directly instead of its current state represented by `.value`. See documentation here: https://docs.swmansion.com/react-native-reanimated/docs/fundamentals/glossary/#animations-in-inline-styling
 WARN  It looks like you might be using shared value's .value inside reanimated inline style. If you want a component to update when shared value changes you should use the shared value directly instead of its current state represented by `.value`. See documentation here: https://docs.swmansion.com/react-native-reanimated/docs/fundamentals/glossary/#animations-in-inline-styling
 WARN  It looks like you might be using shared value's .value inside reanimated inline style. If you want a component to update when shared value changes you should use the shared value directly instead of its current state represented by `.value`. See documentation here: https://docs.swmansion.com/react-native-reanimated/docs/fundamentals/glossary/#animations-in-inline-styling
 WARN  It looks like you might be using shared value's .value inside reanimated inline style. If you want a component to update when shared value changes you should use the shared value directly instead of its current state represented by `.value`. See documentation here: https://docs.swmansion.com/react-native-reanimated/docs/fundamentals/glossary/#animations-in-inline-styling
 WARN  It looks like you might be using shared value's .value inside reanimated inline style. If you want a component to update when shared value changes you should use the shared value directly instead of its current state represented by `.value`. See documentation here: https://docs.swmansion.com/react-native-reanimated/docs/fundamentals/glossary/#animations-in-inline-styling
 WARN  It looks like you might be using shared value's .value inside reanimated inline style. If you want a component to update when shared value changes you should use the shared value directly instead of its current state represented by `.value`. See documentation here: https://docs.swmansion.com/react-native-reanimated/docs/fundamentals/glossary/#animations-in-inline-styling
 WARN  It looks like you might be using shared value's .value inside reanimated inline style. If you want a component to update when shared value changes you should use the shared value directly instead of its current state represented by `.value`. See documentation here: https://docs.swmansion.com/react-native-reanimated/docs/fundamentals/glossary/#animations-in-inline-styling
 WARN  It looks like you might be using shared value's .value inside reanimated inline style. If you want a component to update when shared value changes you should use the shared value directly instead of its current state represented by `.value`. See documentation here: https://docs.swmansion.com/react-native-reanimated/docs/fundamentals/glossary/#animations-in-inline-styling
 WARN  It looks like you might be using shared value's .value inside reanimated inline style. If you want a component to update when shared value changes you should use the shared value directly instead of its current state represented by `.value`. See documentation here: https://docs.swmansion.com/react-native-reanimated/docs/fundamentals/glossary/#animations-in-inline-styling
 WARN  It looks like you might be using shared value's .value inside reanimated inline style. If you want a component to update when shared value changes you should use the shared value directly instead of its current state represented by `.value`. See documentation here: https://docs.swmansion.com/react-native-reanimated/docs/fundamentals/glossary/#animations-in-inline-styling
 WARN  It looks like you might be using shared value's .value inside reanimated inline style. If you want a component to update when shared value changes you should use the shared value directly instead of its current state represented by `.value`. See documentation here: https://docs.swmansion.com/react-native-reanimated/docs/fundamentals/glossary/#animations-in-inline-styling
 WARN  It looks like you might be using shared value's .value inside reanimated inline style. If you want a component to update when shared value changes you should use the shared value directly instead of its current state represented by `.value`. See documentation here: https://docs.swmansion.com/react-native-reanimated/docs/fundamentals/glossary/#animations-in-inline-styling
 WARN  It looks like you might be using shared value's .value inside reanimated inline style. If you want a component to update when shared value changes you should use the shared value directly instead of its current state represented by `.value`. See documentation here: https://docs.swmansion.com/react-native-reanimated/docs/fundamentals/glossary/#animations-in-inline-styling
 WARN  It looks like you might be using shared value's .value inside reanimated inline style. If you want a component to update when shared value changes you should use the shared value directly instead of its current state represented by `.value`. See documentation here: https://docs.swmansion.com/react-native-reanimated/docs/fundamentals/glossary/#animations-in-inline-styling
 WARN  It looks like you might be using shared value's .value inside reanimated inline style. If you want a component to update when shared value changes you should use the shared value directly instead of its current state represented by `.value`. See documentation here: https://docs.swmansion.com/react-native-reanimated/docs/fundamentals/glossary/#animations-in-inline-styling
 WARN  It looks like you might be using shared value's .value inside reanimated inline style. If you want a component to update when shared value changes you should use the shared value directly instead of its current state represented by `.value`. See documentation here: https://docs.swmansion.com/react-native-reanimated/docs/fundamentals/glossary/#animations-in-inline-styling
 WARN  It looks like you might be using shared value's .value inside reanimated inline style. If you want a component to update when shared value changes you should use the shared value directly instead of its current state represented by `.value`. See documentation here: https://docs.swmansion.com/react-native-reanimated/docs/fundamentals/glossary/#animations-in-inline-styling
 WARN  It looks like you might be using shared value's .value inside reanimated inline style. If you want a component to update when shared value changes you should use the shared value directly instead of its current state represented by `.value`. See documentation here: https://docs.swmansion.com/react-native-reanimated/docs/fundamentals/glossary/#animations-in-inline-styling
 WARN  It looks like you might be using shared value's .value inside reanimated inline style. If you want a component to update when shared value changes you should use the shared value directly instead of its current state represented by `.value`. See documentation here: https://docs.swmansion.com/react-native-reanimated/docs/fundamentals/glossary/#animations-in-inline-styling
 WARN  It looks like you might be using shared value's .value inside reanimated inline style. If you want a component to update when shared value changes you should use the shared value directly instead of its current state represented by `.value`. See documentation here: https://docs.swmansion.com/react-native-reanimated/docs/fundamentals/glossary/#animations-in-inline-styling
 WARN  It looks like you might be using shared value's .value inside reanimated inline style. If you want a component to update when shared value changes you should use the shared value directly instead of its current state represented by `.value`. See documentation here: https://docs.swmansion.com/react-native-reanimated/docs/fundamentals/glossary/#animations-in-inline-styling
 WARN  It looks like you might be using shared value's .value inside reanimated inline style. If you want a component to update when shared value changes you should use the shared value directly instead of its current state represented by `.value`. See documentation here: https://docs.swmansion.com/react-native-reanimated/docs/fundamentals/glossary/#animations-in-inline-styling
 WARN  It looks like you might be using shared value's .value inside reanimated inline style. If you want a component to update when shared value changes you should use the shared value directly instead of its current state represented by `.value`. See documentation here: https://docs.swmansion.com/react-native-reanimated/docs/fundamentals/glossary/#animations-in-inline-styling
 WARN  It looks like you might be using shared value's .value inside reanimated inline style. If you want a component to update when shared value changes you should use the shared value directly instead of its current state represented by `.value`. See documentation here: https://docs.swmansion.com/react-native-reanimated/docs/fundamentals/glossary/#animations-in-inline-styling
 WARN  It looks like you might be using shared value's .value inside reanimated inline style. If you want a component to update when shared value changes you should use the shared value directly instead of its current state represented by `.value`. See documentation here: https://docs.swmansion.com/react-native-reanimated/docs/fundamentals/glossary/#animations-in-inline-styling
 WARN  It looks like you might be using shared value's .value inside reanimated inline style. If you want a component to update when shared value changes you should use the shared value directly instead of its current state represented by `.value`. See documentation here: https://docs.swmansion.com/react-native-reanimated/docs/fundamentals/glossary/#animations-in-inline-styling
 WARN  It looks like you might be using shared value's .value inside reanimated inline style. If you want a component to update when shared value changes you should use the shared value directly instead of its current state represented by `.value`. See documentation here: https://docs.swmansion.com/react-native-reanimated/docs/fundamentals/glossary/#animations-in-inline-styling
 WARN  It looks like you might be using shared value's .value inside reanimated inline style. If you want a component to update when shared value changes you should use the shared value directly instead of its current state represented by `.value`. See documentation here: https://docs.swmansion.com/react-native-reanimated/docs/fundamentals/glossary/#animations-in-inline-styling
 WARN  It looks like you might be using shared value's .value inside reanimated inline style. If you want a component to update when shared value changes you should use the shared value directly instead of its current state represented by `.value`. See documentation here: https://docs.swmansion.com/react-native-reanimated/docs/fundamentals/glossary/#animations-in-inline-styling
 WARN  It looks like you might be using shared value's .value inside reanimated inline style. If you want a component to update when shared value changes you should use the shared value directly instead of its current state represented by `.value`. See documentation here: https://docs.swmansion.com/react-native-reanimated/docs/fundamentals/glossary/#animations-in-inline-styling
 WARN  It looks like you might be using shared value's .value inside reanimated inline style. If you want a component to update when shared value changes you should use the shared value directly instead of its current state represented by `.value`. See documentation here: https://docs.swmansion.com/react-native-reanimated/docs/fundamentals/glossary/#animations-in-inline-styling
 WARN  It looks like you might be using shared value's .value inside reanimated inline style. If you want a component to update when shared value changes you should use the shared value directly instead of its current state represented by `.value`. See documentation here: https://docs.swmansion.com/react-native-reanimated/docs/fundamentals/glossary/#animations-in-inline-styling
 WARN  It looks like you might be using shared value's .value inside reanimated inline style. If you want a component to update when shared value changes you should use the shared value directly instead of its current state represented by `.value`. See documentation here: https://docs.swmansion.com/react-native-reanimated/docs/fundamentals/glossary/#animations-in-inline-styling
 WARN  It looks like you might be using shared value's .value inside reanimated inline style. If you want a component to update when shared value changes you should use the shared value directly instead of its current state represented by `.value`. See documentation here: https://docs.swmansion.com/react-native-reanimated/docs/fundamentals/glossary/#animations-in-inline-styling
 WARN  It looks like you might be using shared value's .value inside reanimated inline style. If you want a component to update when shared value changes you should use the shared value directly instead of its current state represented by `.value`. See documentation here: https://docs.swmansion.com/react-native-reanimated/docs/fundamentals/glossary/#animations-in-inline-styling
 WARN  It looks like you might be using shared value's .value inside reanimated inline style. If you want a component to update when shared value changes you should use the shared value directly instead of its current state represented by `.value`. See documentation here: https://docs.swmansion.com/react-native-reanimated/docs/fundamentals/glossary/#animations-in-inline-styling
 WARN  It looks like you might be using shared value's .value inside reanimated inline style. If you want a component to update when shared value changes you should use the shared value directly instead of its current state represented by `.value`. See documentation here: https://docs.swmansion.com/react-native-reanimated/docs/fundamentals/glossary/#animations-in-inline-styling
 WARN  It looks like you might be using shared value's .value inside reanimated inline style. If you want a component to update when shared value changes you should use the shared value directly instead of its current state represented by `.value`. See documentation here: https://docs.swmansion.com/react-native-reanimated/docs/fundamentals/glossary/#animations-in-inline-styling
 WARN  It looks like you might be using shared value's .value inside reanimated inline style. If you want a component to update when shared value changes you should use the shared value directly instead of its current state represented by `.value`. See documentation here: https://docs.swmansion.com/react-native-reanimated/docs/fundamentals/glossary/#animations-in-inline-styling
 WARN  It looks like you might be using shared value's .value inside reanimated inline style. If you want a component to update when shared value changes you should use the shared value directly instead of its current state represented by `.value`. See documentation here: https://docs.swmansion.com/react-native-reanimated/docs/fundamentals/glossary/#animations-in-inline-styling
 WARN  It looks like you might be using shared value's .value inside reanimated inline style. If you want a component to update when shared value changes you should use the shared value directly instead of its current state represented by `.value`. See documentation here: https://docs.swmansion.com/react-native-reanimated/docs/fundamentals/glossary/#animations-in-inline-styling
 WARN  It looks like you might be using shared value's .value inside reanimated inline style. If you want a component to update when shared value changes you should use the shared value directly instead of its current state represented by `.value`. See documentation here: https://docs.swmansion.com/react-native-reanimated/docs/fundamentals/glossary/#animations-in-inline-styling
 WARN  It looks like you might be using shared value's .value inside reanimated inline style. If you want a component to update when shared value changes you should use the shared value directly instead of its current state represented by `.value`. See documentation here: https://docs.swmansion.com/react-native-reanimated/docs/fundamentals/glossary/#animations-in-inline-styling
 WARN  It looks like you might be using shared value's .value inside reanimated inline style. If you want a component to update when shared value changes you should use the shared value directly instead of its current state represented by `.value`. See documentation here: https://docs.swmansion.com/react-native-reanimated/docs/fundamentals/glossary/#animations-in-inline-styling
 WARN  It looks like you might be using shared value's .value inside reanimated inline style. If you want a component to update when shared value changes you should use the shared value directly instead of its current state represented by `.value`. See documentation here: https://docs.swmansion.com/react-native-reanimated/docs/fundamentals/glossary/#animations-in-inline-styling
 WARN  It looks like you might be using shared value's .value inside reanimated inline style. If you want a component to update when shared value changes you should use the shared value directly instead of its current state represented by `.value`. See documentation here: https://docs.swmansion.com/react-native-reanimated/docs/fundamentals/glossary/#animations-in-inline-styling
 WARN  It looks like you might be using shared value's .value inside reanimated inline style. If you want a component to update when shared value changes you should use the shared value directly instead of its current state represented by `.value`. See documentation here: https://docs.swmansion.com/react-native-reanimated/docs/fundamentals/glossary/#animations-in-inline-styling
 WARN  It looks like you might be using shared value's .value inside reanimated inline style. If you want a component to update when shared value changes you should use the shared value directly instead of its current state represented by `.value`. See documentation here: https://docs.swmansion.com/react-native-reanimated/docs/fundamentals/glossary/#animations-in-inline-styling
 WARN  It looks like you might be using shared value's .value inside reanimated inline style. If you want a component to update when shared value changes you should use the shared value directly instead of its current state represented by `.value`. See documentation here: https://docs.swmansion.com/react-native-reanimated/docs/fundamentals/glossary/#animations-in-inline-styling
 WARN  It looks like you might be using shared value's .value inside reanimated inline style. If you want a component to update when shared value changes you should use the shared value directly instead of its current state represented by `.value`. See documentation here: https://docs.swmansion.com/react-native-reanimated/docs/fundamentals/glossary/#animations-in-inline-styling
 WARN  It looks like you might be using shared value's .value inside reanimated inline style. If you want a component to update when shared value changes you should use the shared value directly instead of its current state represented by `.value`. See documentation here: https://docs.swmansion.com/react-native-reanimated/docs/fundamentals/glossary/#animations-in-inline-styling
 WARN  It looks like you might be using shared value's .value inside reanimated inline style. If you want a component to update when shared value changes you should use the shared value directly instead of its current state represented by `.value`. See documentation here: https://docs.swmansion.com/react-native-reanimated/docs/fundamentals/glossary/#animations-in-inline-styling
 WARN  It looks like you might be using shared value's .value inside reanimated inline style. If you want a component to update when shared value changes you should use the shared value directly instead of its current state represented by `.value`. See documentation here: https://docs.swmansion.com/react-native-reanimated/docs/fundamentals/glossary/#animations-in-inline-styling
 WARN  It looks like you might be using shared value's .value inside reanimated inline style. If you want a component to update when shared value changes you should use the shared value directly instead of its current state represented by `.value`. See documentation here: https://docs.swmansion.com/react-native-reanimated/docs/fundamentals/glossary/#animations-in-inline-styling
 WARN  It looks like you might be using shared value's .value inside reanimated inline style. If you want a component to update when shared value changes you should use the shared value directly instead of its current state represented by `.value`. See documentation here: https://docs.swmansion.com/react-native-reanimated/docs/fundamentals/glossary/#animations-in-inline-styling
 WARN  It looks like you might be using shared value's .value inside reanimated inline style. If you want a component to update when shared value changes you should use the shared value directly instead of its current state represented by `.value`. See documentation here: https://docs.swmansion.com/react-native-reanimated/docs/fundamentals/glossary/#animations-in-inline-styling
 WARN  It looks like you might be using shared value's .value inside reanimated inline style. If you want a component to update when shared value changes you should use the shared value directly instead of its current state represented by `.value`. See documentation here: https://docs.swmansion.com/react-native-reanimated/docs/fundamentals/glossary/#animations-in-inline-styling
 WARN  It looks like you might be using shared value's .value inside reanimated inline style. If you want a component to update when shared value changes you should use the shared value directly instead of its current state represented by `.value`. See documentation here: https://docs.swmansion.com/react-native-reanimated/docs/fundamentals/glossary/#animations-in-inline-styling
 WARN  It looks like you might be using shared value's .value inside reanimated inline style. If you want a component to update when shared value changes you should use the shared value directly instead of its current state represented by `.value`. See documentation here: https://docs.swmansion.com/react-native-reanimated/docs/fundamentals/glossary/#animations-in-inline-styling
 WARN  It looks like you might be using shared value's .value inside reanimated inline style. If you want a component to update when shared value changes you should use the shared value directly instead of its current state represented by `.value`. See documentation here: https://docs.swmansion.com/react-native-reanimated/docs/fundamentals/glossary/#animations-in-inline-styling
 WARN  It looks like you might be using shared value's .value inside reanimated inline style. If you want a component to update when shared value changes you should use the shared value directly instead of its current state represented by `.value`. See documentation here: https://docs.swmansion.com/react-native-reanimated/docs/fundamentals/glossary/#animations-in-inline-styling
 WARN  It looks like you might be using shared value's .value inside reanimated inline style. If you want a component to update when shared value changes you should use the shared value directly instead of its current state represented by `.value`. See documentation here: https://docs.swmansion.com/react-native-reanimated/docs/fundamentals/glossary/#animations-in-inline-styling
 WARN  It looks like you might be using shared value's .value inside reanimated inline style. If you want a component to update when shared value changes you should use the shared value directly instead of its current state represented by `.value`. See documentation here: https://docs.swmansion.com/react-native-reanimated/docs/fundamentals/glossary/#animations-in-inline-styling
 WARN  It looks like you might be using shared value's .value inside reanimated inline style. If you want a component to update when shared value changes you should use the shared value directly instead of its current state represented by `.value`. See documentation here: https://docs.swmansion.com/react-native-reanimated/docs/fundamentals/glossary/#animations-in-inline-styling
 WARN  It looks like you might be using shared value's .value inside reanimated inline style. If you want a component to update when shared value changes you should use the shared value directly instead of its current state represented by `.value`. See documentation here: https://docs.swmansion.com/react-native-reanimated/docs/fundamentals/glossary/#animations-in-inline-styling
 WARN  It looks like you might be using shared value's .value inside reanimated inline style. If you want a component to update when shared value changes you should use the shared value directly instead of its current state represented by `.value`. See documentation here: https://docs.swmansion.com/react-native-reanimated/docs/fundamentals/glossary/#animations-in-inline-styling
 WARN  It looks like you might be using shared value's .value inside reanimated inline style. If you want a component to update when shared value changes you should use the shared value directly instead of its current state represented by `.value`. See documentation here: https://docs.swmansion.com/react-native-reanimated/docs/fundamentals/glossary/#animations-in-inline-styling
 WARN  It looks like you might be using shared value's .value inside reanimated inline style. If you want a component to update when shared value changes you should use the shared value directly instead of its current state represented by `.value`. See documentation here: https://docs.swmansion.com/react-native-reanimated/docs/fundamentals/glossary/#animations-in-inline-styling
 WARN  It looks like you might be using shared value's .value inside reanimated inline style. If you want a component to update when shared value changes you should use the shared value directly instead of its current state represented by `.value`. See documentation here: https://docs.swmansion.com/react-native-reanimated/docs/fundamentals/glossary/#animations-in-inline-styling
 WARN  It looks like you might be using shared value's .value inside reanimated inline style. If you want a component to update when shared value changes you should use the shared value directly instead of its current state represented by `.value`. See documentation here: https://docs.swmansion.com/react-native-reanimated/docs/fundamentals/glossary/#animations-in-inline-styling
 WARN  It looks like you might be using shared value's .value inside reanimated inline style. If you want a component to update when shared value changes you should use the shared value directly instead of its current state represented by `.value`. See documentation here: https://docs.swmansion.com/react-native-reanimated/docs/fundamentals/glossary/#animations-in-inline-styling
 WARN  It looks like you might be using shared value's .value inside reanimated inline style. If you want a component to update when shared value changes you should use the shared value directly instead of its current state represented by `.value`. See documentation here: https://docs.swmansion.com/react-native-reanimated/docs/fundamentals/glossary/#animations-in-inline-styling
 WARN  It looks like you might be using shared value's .value inside reanimated inline style. If you want a component to update when shared value changes you should use the shared value directly instead of its current state represented by `.value`. See documentation here: https://docs.swmansion.com/react-native-reanimated/docs/fundamentals/glossary/#animations-in-inline-styling
 WARN  It looks like you might be using shared value's .value inside reanimated inline style. If you want a component to update when shared value changes you should use the shared value directly instead of its current state represented by `.value`. See documentation here: https://docs.swmansion.com/react-native-reanimated/docs/fundamentals/glossary/#animations-in-inline-styling
 WARN  It looks like you might be using shared value's .value inside reanimated inline style. If you want a component to update when shared value changes you should use the shared value directly instead of its current state represented by `.value`. See documentation here: https://docs.swmansion.com/react-native-reanimated/docs/fundamentals/glossary/#animations-in-inline-styling
 WARN  It looks like you might be using shared value's .value inside reanimated inline style. If you want a component to update when shared value changes you should use the shared value directly instead of its current state represented by `.value`. See documentation here: https://docs.swmansion.com/react-native-reanimated/docs/fundamentals/glossary/#animations-in-inline-styling
 WARN  It looks like you might be using shared value's .value inside reanimated inline style. If you want a component to update when shared value changes you should use the shared value directly instead of its current state represented by `.value`. See documentation here: https://docs.swmansion.com/react-native-reanimated/docs/fundamentals/glossary/#animations-in-inline-styling
 WARN  It looks like you might be using shared value's .value inside reanimated inline style. If you want a component to update when shared value changes you should use the shared value directly instead of its current state represented by `.value`. See documentation here: https://docs.swmansion.com/react-native-reanimated/docs/fundamentals/glossary/#animations-in-inline-styling
 WARN  It looks like you might be using shared value's .value inside reanimated inline style. If you want a component to update when shared value changes you should use the shared value directly instead of its current state represented by `.value`. See documentation here: https://docs.swmansion.com/react-native-reanimated/docs/fundamentals/glossary/#animations-in-inline-styling
 WARN  It looks like you might be using shared value's .value inside reanimated inline style. If you want a component to update when shared value changes you should use the shared value directly instead of its current state represented by `.value`. See documentation here: https://docs.swmansion.com/react-native-reanimated/docs/fundamentals/glossary/#animations-in-inline-styling
 WARN  It looks like you might be using shared value's .value inside reanimated inline style. If you want a component to update when shared value changes you should use the shared value directly instead of its current state represented by `.value`. See documentation here: https://docs.swmansion.com/react-native-reanimated/docs/fundamentals/glossary/#animations-in-inline-styling
 WARN  It looks like you might be using shared value's .value inside reanimated inline style. If you want a component to update when shared value changes you should use the shared value directly instead of its current state represented by `.value`. See documentation here: https://docs.swmansion.com/react-native-reanimated/docs/fundamentals/glossary/#animations-in-inline-styling
 WARN  It looks like you might be using shared value's .value inside reanimated inline style. If you want a component to update when shared value changes you should use the shared value directly instead of its current state represented by `.value`. See documentation here: https://docs.swmansion.com/react-native-reanimated/docs/fundamentals/glossary/#animations-in-inline-styling
 WARN  It looks like you might be using shared value's .value inside reanimated inline style. If you want a component to update when shared value changes you should use the shared value directly instead of its current state represented by `.value`. See documentation here: https://docs.swmansion.com/react-native-reanimated/docs/fundamentals/glossary/#animations-in-inline-styling
 WARN  It looks like you might be using shared value's .value inside reanimated inline style. If you want a component to update when shared value changes you should use the shared value directly instead of its current state represented by `.value`. See documentation here: https://docs.swmansion.com/react-native-reanimated/docs/fundamentals/glossary/#animations-in-inline-styling
 WARN  It looks like you might be using shared value's .value inside reanimated inline style. If you want a component to update when shared value changes you should use the shared value directly instead of its current state represented by `.value`. See documentation here: https://docs.swmansion.com/react-native-reanimated/docs/fundamentals/glossary/#animations-in-inline-styling
 WARN  It looks like you might be using shared value's .value inside reanimated inline style. If you want a component to update when shared value changes you should use the shared value directly instead of its current state represented by `.value`. See documentation here: https://docs.swmansion.com/react-native-reanimated/docs/fundamentals/glossary/#animations-in-inline-styling
 WARN  It looks like you might be using shared value's .value inside reanimated inline style. If you want a component to update when shared value changes you should use the shared value directly instead of its current state represented by `.value`. See documentation here: https://docs.swmansion.com/react-native-reanimated/docs/fundamentals/glossary/#animations-in-inline-styling
 WARN  It looks like you might be using shared value's .value inside reanimated inline style. If you want a component to update when shared value changes you should use the shared value directly instead of its current state represented by `.value`. See documentation here: https://docs.swmansion.com/react-native-reanimated/docs/fundamentals/glossary/#animations-in-inline-styling
 WARN  It looks like you might be using shared value's .value inside reanimated inline style. If you want a component to update when shared value changes you should use the shared value directly instead of its current state represented by `.value`. See documentation here: https://docs.swmansion.com/react-native-reanimated/docs/fundamentals/glossary/#animations-in-inline-styling
 WARN  It looks like you might be using shared value's .value inside reanimated inline style. If you want a component to update when shared value changes you should use the shared value directly instead of its current state represented by `.value`. See documentation here: https://docs.swmansion.com/react-native-reanimated/docs/fundamentals/glossary/#animations-in-inline-styling
 WARN  It looks like you might be using shared value's .value inside reanimated inline style. If you want a component to update when shared value changes you should use the shared value directly instead of its current state represented by `.value`. See documentation here: https://docs.swmansion.com/react-native-reanimated/docs/fundamentals/glossary/#animations-in-inline-styling
 WARN  It looks like you might be using shared value's .value inside reanimated inline style. If you want a component to update when shared value changes you should use the shared value directly instead of its current state represented by `.value`. See documentation here: https://docs.swmansion.com/react-native-reanimated/docs/fundamentals/glossary/#animations-in-inline-styling
 WARN  It looks like you might be using shared value's .value inside reanimated inline style. If you want a component to update when shared value changes you should use the shared value directly instead of its current state represented by `.value`. See documentation here: https://docs.swmansion.com/react-native-reanimated/docs/fundamentals/glossary/#animations-in-inline-styling
 WARN  It looks like you might be using shared value's .value inside reanimated inline style. If you want a component to update when shared value changes you should use the shared value directly instead of its current state represented by `.value`. See documentation here: https://docs.swmansion.com/react-native-reanimated/docs/fundamentals/glossary/#animations-in-inline-styling
 WARN  It looks like you might be using shared value's .value inside reanimated inline style. If you want a component to update when shared value changes you should use the shared value directly instead of its current state represented by `.value`. See documentation here: https://docs.swmansion.com/react-native-reanimated/docs/fundamentals/glossary/#animations-in-inline-styling
 WARN  It looks like you might be using shared value's .value inside reanimated inline style. If you want a component to update when shared value changes you should use the shared value directly instead of its current state represented by `.value`. See documentation here: https://docs.swmansion.com/react-native-reanimated/docs/fundamentals/glossary/#animations-in-inline-styling
 WARN  It looks like you might be using shared value's .value inside reanimated inline style. If you want a component to update when shared value changes you should use the shared value directly instead of its current state represented by `.value`. See documentation here: https://docs.swmansion.com/react-native-reanimated/docs/fundamentals/glossary/#animations-in-inline-styling
 WARN  [Profile] Failed to load provider status: [ApiError: Unknown error]
 LOG  [Auth] Tidal redirectUri: frequenc://
 LOG  [Auth] Auth runtime: standalone
 WARN  It looks like you might be using shared value's .value inside reanimated inline style. If you want a component to update when shared value changes you should use the shared value directly instead of its current state represented by `.value`. See documentation here: https://docs.swmansion.com/react-native-reanimated/docs/fundamentals/glossary/#animations-in-inline-styling
 WARN  It looks like you might be using shared value's .value inside reanimated inline style. If you want a component to update when shared value changes you should use the shared value directly instead of its current state represented by `.value`. See documentation here: https://docs.swmansion.com/react-native-reanimated/docs/fundamentals/glossary/#animations-in-inline-styling
 LOG  [Auth] Spotify redirectUri: frequenc://
 LOG  [Auth] Auth runtime: standalone
 WARN  It looks like you might be using shared value's .value inside reanimated inline style. If you want a component to update when shared value changes you should use the shared value directly instead of its current state represented by `.value`. See documentation here: https://docs.swmansion.com/react-native-reanimated/docs/fundamentals/glossary/#animations-in-inline-styling
 WARN  It looks like you might be using shared value's .value inside reanimated inline style. If you want a component to update when shared value changes you should use the shared value directly instead of its current state represented by `.value`. See documentation here: https://docs.swmansion.com/react-native-reanimated/docs/fundamentals/glossary/#animations-in-inline-styling
 WARN  It looks like you might be using shared value's .value inside reanimated inline style. If you want a component to update when shared value changes you should use the shared value directly instead of its current state represented by `.value`. See documentation here: https://docs.swmansion.com/react-native-reanimated/docs/fundamentals/glossary/#animations-in-inline-styling
 WARN  It looks like you might be using shared value's .value inside reanimated inline style. If you want a component to update when shared value changes you should use the shared value directly instead of its current state represented by `.value`. See documentation here: https://docs.swmansion.com/react-native-reanimated/docs/fundamentals/glossary/#animations-in-inline-styling
 WARN  It looks like you might be using shared value's .value inside reanimated inline style. If you want a component to update when shared value changes you should use the shared value directly instead of its current state represented by `.value`. See documentation here: https://docs.swmansion.com/react-native-reanimated/docs/fundamentals/glossary/#animations-in-inline-styling
 WARN  It looks like you might be using shared value's .value inside reanimated inline style. If you want a component to update when shared value changes you should use the shared value directly instead of its current state represented by `.value`. See documentation here: https://docs.swmansion.com/react-native-reanimated/docs/fundamentals/glossary/#animations-in-inline-styling
 WARN  It looks like you might be using shared value's .value inside reanimated inline style. If you want a component to update when shared value changes you should use the shared value directly instead of its current state represented by `.value`. See documentation here: https://docs.swmansion.com/react-native-reanimated/docs/fundamentals/glossary/#animations-in-inline-styling
 WARN  It looks like you might be using shared value's .value inside reanimated inline style. If you want a component to update when shared value changes you should use the shared value directly instead of its current state represented by `.value`. See documentation here: https://docs.swmansion.com/react-native-reanimated/docs/fundamentals/glossary/#animations-in-inline-styling
 WARN  It looks like you might be using shared value's .value inside reanimated inline style. If you want a component to update when shared value changes you should use the shared value directly instead of its current state represented by `.value`. See documentation here: https://docs.swmansion.com/react-native-reanimated/docs/fundamentals/glossary/#animations-in-inline-styling
 WARN  It looks like you might be using shared value's .value inside reanimated inline style. If you want a component to update when shared value changes you should use the shared value directly instead of its current state represented by `.value`. See documentation here: https://docs.swmansion.com/react-native-reanimated/docs/fundamentals/glossary/#animations-in-inline-styling
 WARN  It looks like you might be using shared value's .value inside reanimated inline style. If you want a component to update when shared value changes you should use the shared value directly instead of its current state represented by `.value`. See documentation here: https://docs.swmansion.com/react-native-reanimated/docs/fundamentals/glossary/#animations-in-inline-styling
 WARN  It looks like you might be using shared value's .value inside reanimated inline style. If you want a component to update when shared value changes you should use the shared value directly instead of its current state represented by `.value`. See documentation here: https://docs.swmansion.com/react-native-reanimated/docs/fundamentals/glossary/#animations-in-inline-styling
 WARN  It looks like you might be using shared value's .value inside reanimated inline style. If you want a component to update when shared value changes you should use the shared value directly instead of its current state represented by `.value`. See documentation here: https://docs.swmansion.com/react-native-reanimated/docs/fundamentals/glossary/#animations-in-inline-styling
 WARN  It looks like you might be using shared value's .value inside reanimated inline style. If you want a component to update when shared value changes you should use the shared value directly instead of its current state represented by `.value`. See documentation here: https://docs.swmansion.com/react-native-reanimated/docs/fundamentals/glossary/#animations-in-inline-styling
 WARN  It looks like you might be using shared value's .value inside reanimated inline style. If you want a component to update when shared value changes you should use the shared value directly instead of its current state represented by `.value`. See documentation here: https://docs.swmansion.com/react-native-reanimated/docs/fundamentals/glossary/#animations-in-inline-styling
 WARN  It looks like you might be using shared value's .value inside reanimated inline style. If you want a component to update when shared value changes you should use the shared value directly instead of its current state represented by `.value`. See documentation here: https://docs.swmansion.com/react-native-reanimated/docs/fundamentals/glossary/#animations-in-inline-styling
